﻿Word,Word class,Imageability (level),Imageability,Number of phonological neighbours (level),Number of phonological neighbours,Number of letters,Number of sounds,Number of syllables
å advare,verb,low,3.88,some,4,6,6,3
å ake,verb,medium,6.190970435,many,26,3,3,2
å angre,verb,low,3.85,some,9,5,4,2
å anklage,verb,low,3.850009793,some,7,7,7,3
å ansette,verb,low,3.7,some,8,7,6,3
å anslå,verb,low,3.52722456,some,4,5,5,2
å åpne,verb,medium,6.228438716,some,6,4,4,2
å arbeide,verb,medium,4.962767123,some,5,7,6,3
å avansere,verb,low,3.37,few,3,8,8,4
å avbryte,verb,low,3.34120217,few,3,7,7,3
å avgi,verb,low,2.648171658,few,3,4,4,2
å avlive,verb,medium,5.108741973,some,5,6,6,3
å avsky,verb,low,4.076778652,few,3,5,4,2
å avtale,verb,low,3.736804887,some,7,6,6,3
å bade,verb,high,6.718871271,many,20,4,4,2
å bære,verb,medium,6.091557709,many,21,4,4,2
å bake,verb,medium,6.251979697,many,25,4,4,2
å balansere,verb,medium,5.765372765,some,4,9,9,4
å banke,verb,medium,5.701154636,many,22,5,5,2
å banke på,verb,medium,6.477744332,no info,,8,8,3
å barbere,verb,high,6.61855339,some,5,7,7,3
å barbere seg,verb,medium,6.298010614,no info,,11,10,4
å be,verb,medium,6.12845823,many,35,2,2,1
å begrave,verb,medium,5.982692461,some,4,7,7,3
å begripe,verb,low,2.741886589,few,3,7,7,3
å begynne,verb,low,3.692561966,some,4,7,6,3
å beholde,verb,low,3.36,some,5,7,6,3
å behøve,verb,low,2.600716762,some,6,6,6,3
å benke seg,verb,medium,4.732890355,no info,,9,8,3
å benytte,verb,low,3.708444092,some,6,7,6,3
å beregne,verb,low,3.97,some,6,7,6,3
å beskrive,verb,low,3.332163453,few,3,8,8,3
å bestå av,verb,low,2.718258695,no info,,8,8,3
å bestemme seg,verb,low,3.929215606,no info,,12,10,4
å betale,verb,medium,5.59,some,7,6,6,3
å beundre,verb,low,4.36,some,5,7,7,3
å bevise,verb,low,3.629249745,some,6,6,6,3
å bikke,verb,low,4.426835431,many,25,5,4,2
å bile,verb,medium,5.849656068,many,23,4,4,2
å binde,verb,medium,5.149015014,many,30,5,4,2
å bite,verb,medium,5.999797962,many,21,4,4,2
å bivåne,verb,low,3.36924292,some,7,6,6,3
å bjeffe,verb,medium,6.176211276,some,6,6,5,2
å bjelle,verb,low,3.870773233,no info,,6,5,2
å blande,verb,medium,4.990277578,some,17,6,5,2
å blåse,verb,medium,6.259536694,some,11,5,5,2
å bli,verb,low,3.41013962,some,18,3,3,1
å blunke,verb,medium,6.292294612,some,10,6,6,2
å bo,verb,medium,5.393630564,many,34,2,2,1
å bokse,verb,medium,6.245780637,some,9,5,5,2
å bølge,verb,medium,4.786282287,some,8,5,5,2
å bolte,verb,medium,4.530390476,some,14,5,5,2
å bore,verb,medium,6.234445564,some,14,4,4,2
å børste,verb,medium,6.165631783,some,10,6,5,2
å bråke,verb,medium,5.438286861,some,16,5,5,2
å brekke,verb,medium,5.977649016,many,21,6,5,2
å brenne,verb,medium,6.168552844,some,12,6,5,2
å brenne (seg),verb,medium,5.93,some,12,6,5,2
å brette,verb,medium,5.946421945,many,24,6,5,2
å bruke,verb,low,3.258361666,some,11,5,5,2
å bry seg,verb,medium,4.800916984,no info,,7,6,2
å bryte ut,verb,medium,4.760871348,no info,,8,8,3
å bukke,verb,medium,6.101366041,some,18,5,4,2
å burde,verb,low,2.492796577,some,10,5,4,2
å busse,verb,medium,5.415519752,many,24,5,4,2
å bygge,verb,medium,5.861832513,some,14,5,4,2
å dælje,verb,medium,5.807218335,no info,,5,6,2
å danse,verb,high,6.649445997,some,8,5,5,2
å deise,verb,low,4.346932937,some,18,5,4,2
å dekke,verb,medium,5.266655475,many,25,5,4,2
å dele,verb,medium,5.157568716,some,16,4,4,2
å denge,verb,medium,5.580300775,many,19,5,4,2
å dette,verb,medium,5.572561966,many,26,5,4,2
å dirigere,verb,medium,6.18373281,some,5,8,8,4
å dra,verb,medium,4.852117413,some,14,3,3,1
å drikke,verb,high,6.701520813,some,10,6,5,2
å drive,verb,low,4.151810614,some,7,5,5,2
å drømme,verb,medium,5.305028051,some,5,6,5,2
å drukne,verb,medium,5.714083677,some,6,6,6,2
å dryppe,verb,medium,6.115246577,some,8,6,5,2
å dunke,verb,medium,5.327638125,some,14,5,5,2
å dusje,verb,high,6.763219467,some,12,5,4,2
å dyrke,verb,medium,5.805243367,some,9,5,5,2
å dytte,verb,medium,5.984809034,many,24,5,4,2
å eksistere,verb,low,3.04,few,3,9,9,4
å elske,verb,medium,5.45,some,8,5,5,2
å ende,verb,low,3.398268329,many,31,4,3,2
å endre,verb,low,3.061811895,some,8,5,5,2
å ense,verb,low,3.575051613,some,15,4,4,2
å erklære,verb,low,3.65,some,4,7,7,3
å ete,verb,medium,6.518083024,many,19,3,3,2
å evne,verb,low,2.893029318,some,12,4,4,2
å få,verb,low,4.192246678,many,26,2,2,1
å få til,verb,low,3.573039191,no info,,6,6,2
å fable,verb,low,3.918435769,some,5,5,5,2
å falle,verb,medium,5.644795598,many,35,5,4,2
å fantasere,verb,medium,4.552510258,some,4,9,9,4
å fare,verb,low,3.875918255,many,26,4,4,2
å fargelegge,verb,medium,5.921739666,no info,,10,10,4
å feie,verb,medium,5.937237915,many,20,4,3,2
å feile,verb,low,3.612293654,many,22,5,4,2
å feire,verb,medium,5.58,many,22,5,4,2
å fekte,verb,medium,6.185210774,many,21,5,5,2
å fikse,verb,medium,5.114501949,some,11,5,5,2
å file,verb,medium,5.233153799,many,24,4,4,2
å filme,verb,medium,6.276778458,some,6,5,5,2
å fingre med,verb,medium,4.931698577,no info,,10,8,3
å finne,verb,low,4.301197534,many,22,5,4,2
å fiske,verb,medium,6.497335743,some,16,5,5,2
å flagge,verb,medium,6.099397931,some,12,6,5,2
å flagre,verb,medium,5.46158831,some,5,6,6,2
å flakse,verb,medium,5.584173539,some,11,6,6,2
å flaske seg,verb,low,2.962201406,no info,,10,9,3
å flette,verb,medium,6.171145955,some,18,6,5,2
å flire,verb,medium,6.127009403,some,13,5,5,2
å flokke seg,verb,medium,5.305028051,no info,,10,8,3
å flomme,verb,medium,5.4293253,some,10,6,5,2
å fløyte,verb,medium,5.537722714,some,12,6,5,2
å fly,verb,medium,6.344683492,some,17,3,3,1
å flyte,verb,medium,6.071956219,some,8,5,5,2
å flytte,verb,medium,5.607053956,some,11,6,5,2
å fnise,verb,medium,6.182979185,some,11,5,5,2
å føde,verb,high,6.61855339,some,16,4,4,2
å folde,verb,medium,4.962106094,many,31,5,4,2
å føle,verb,low,4.293947142,many,20,4,4,2
å følge,verb,low,4.32234282,many,21,5,4,2
å følge etter,verb,medium,5.65,no info,,11,no info,no info
å føne,verb,medium,6.147393385,some,18,4,4,2
å forandre,verb,low,3.734483204,some,6,8,8,3
å forårsake,verb,low,2.93,some,5,9,8,4
å føre,verb,medium,4.686030238,many,27,4,4,2
å foregå,verb,low,2.697590059,few,2,6,6,3
å forestille,verb,low,3.648706201,some,4,10,9,4
å forklare,verb,medium,4.512542263,some,5,8,8,3
å forme,verb,medium,4.850488897,some,10,5,5,2
å forstå,verb,low,3.684746925,some,7,6,5,2
å forsvinne,verb,low,4.070560416,few,3,9,7,3
å forsyne seg,verb,medium,5.93033692,no info,,11,10,4
å forte seg,verb,medium,5.044490561,no info,,9,7,3
å fortelle,verb,medium,4.757464069,some,5,8,6,3
å fortsette,verb,low,3.984330685,some,4,9,7,3
å forvente,verb,low,3.364613658,some,8,8,8,3
å fosse,verb,medium,5.127430336,some,14,5,4,2
å fotografere,verb,medium,6.307844732,some,4,11,11,5
å fremme,verb,low,3.1,some,14,6,5,2
å friste,verb,low,4.012548939,some,12,6,6,2
å frykte,verb,low,4.486759673,some,9,6,6,2
å fryse,verb,medium,5.663920444,some,10,5,5,2
å fungere,verb,low,3.003593617,some,4,7,7,3
å funke,verb,low,3.742634687,no info,,5,6,2
å fuske,verb,medium,4.576778652,some,16,5,5,2
å fyke,verb,medium,4.511436463,some,10,4,4,2
å gå,verb,medium,6.133614498,many,24,2,2,1
å gå på do,verb,high,6.73,no info,,8,no info,no info
å gå på jakt,verb,medium,6.12798734,no info,,10,9,3
å gå på rulleskøyter,verb,medium,6.332291582,no info,,18,14,6
å gå på ski,verb,high,6.710066351,no info,,9,7,3
å gå på skøyter,verb,high,6.62128624,no info,,13,10,4
å gå seg bort,verb,medium,4.78,no info,,11,no info,no info
å gå seg vill,verb,low,4.44,no info,,11,no info,no info
å gafle,verb,medium,5.061503507,some,7,5,5,2
å garantere,verb,low,2.898361666,some,4,9,9,4
å gi,verb,medium,5.186561306,many,23,2,2,1
å gidde,verb,low,3.273517828,some,10,5,4,2
å gifte seg,verb,medium,6.07567803,no info,,9,8,3
å gjemme,verb,medium,5.392383428,many,23,6,4,2
å gjerde inn,verb,medium,5.949992037,no info,,10,7,3
å gjespe,verb,medium,6.515105114,some,9,6,5,2
å gjeste,verb,low,4.163500659,some,15,6,5,2
å gjette,verb,low,3.67,many,31,6,4,2
å gjøre,verb,low,3.99534353,many,22,5,4,2
å glede,verb,medium,4.64528894,some,9,5,5,2
å glemme,verb,medium,4.531913244,some,15,6,5,2
å gli,verb,medium,5.602406156,many,19,3,3,1
å gløtte,verb,medium,5.05033692,some,14,6,5,2
å gni,verb,medium,5.788444092,some,9,3,3,1
å godta,verb,low,3.913306322,few,2,5,4,2
å gråte,verb,medium,6.325836328,some,10,5,5,2
å grave,verb,medium,6.183862083,some,16,5,5,2
å gre,verb,medium,6.124390805,many,21,3,3,1
å gresse,verb,medium,6.088427097,some,14,6,5,2
å grille,verb,medium,6.535987696,some,15,6,5,2
å grine,verb,medium,6.027600874,some,14,5,5,2
å gripe,verb,medium,5.73,some,8,5,5,2
å grise,verb,medium,5.991223252,some,17,5,5,2
å gro,verb,medium,5.556016073,some,18,3,3,1
å gynge,verb,medium,5.758741973,some,13,5,4,2
å ha,verb,low,3.350240649,many,37,2,2,1
å haike,verb,medium,6.549160363,some,8,5,4,2
å hakke,verb,medium,6.074072335,many,25,5,4,2
å hale,verb,medium,5.324282536,many,31,4,4,2
å hamle opp,verb,low,3.162140203,no info,,9,8,3
å hamre,verb,medium,6.142066143,some,11,5,5,2
å handle,verb,medium,5.63,some,5,6,6,2
å håpe,verb,low,3.755632407,some,18,4,4,2
å hate,verb,low,3.630240649,many,28,4,4,2
å havne,verb,low,2.90158831,some,10,5,5,2
å helle,verb,medium,6.003330105,many,37,5,4,2
å henge,verb,medium,5.525585546,many,20,5,4,2
å hente,verb,low,4.471292266,many,23,5,5,2
å herje,verb,medium,4.981689079,some,10,5,5,2
å herse med,verb,medium,4.918435769,no info,,9,8,3
å hete,verb,low,3.625600491,many,24,4,4,2
å heve,verb,medium,4.723056246,many,23,4,4,2
å hinte,verb,low,3.785591364,no info,,5,6,2
å hjelpe,verb,medium,4.674105583,some,6,6,5,2
å hoie,verb,medium,5.285568695,some,10,4,3,2
å holde,verb,medium,5.478035207,many,27,5,4,2
å hoppe,verb,medium,6.431590195,many,23,5,4,2
å høre,verb,medium,5.308208562,many,23,4,4,2
å høre etter,verb,medium,4.97,no info,,10,no info,no info
å høre på,verb,medium,5.703154562,no info,,7,7,3
å hoste,verb,medium,6.05,some,10,5,5,2
å høste,verb,medium,5.465284637,some,8,5,5,2
å hugge,verb,medium,6.078179774,many,19,5,4,2
å hulle,verb,medium,4.931216504,many,23,5,4,2
å huse,verb,low,3.86626864,many,27,4,4,2
å huske (å minnes),verb,low,3.430786365,some,16,5,5,2
å huske (på lekeplass),verb,medium,6.253295392,some,16,5,5,2
å hvelve,verb,low,4.264180368,some,14,6,5,2
å hvile,verb,medium,6.132561966,many,29,5,4,2
å hviske,verb,medium,5.504043115,many,24,6,5,2
å hysje,verb,medium,5.61,some,15,5,4,2
å ignorere,verb,low,4.012327196,some,4,8,8,4
å illustrere,verb,medium,4.565374612,some,4,10,9,4
å innføre,verb,low,2.68,some,6,7,6,3
å irritere,verb,low,4.330523704,some,7,8,7,4
å jage,verb,medium,5.115100158,some,17,4,4,2
å jakte,verb,medium,6.015318184,some,15,5,5,2
å jakte på,verb,medium,5.129246293,no info,,8,8,3
å jobbe,verb,medium,5.650079918,some,15,5,4,2
å kalles,verb,low,3.167510147,some,16,6,5,2
å kaste,verb,medium,6.533661962,many,21,5,5,2
å kikke,verb,medium,5.220882272,many,28,5,4,2
å kjemme,verb,medium,5.570705129,many,21,6,4,2
å kjevle,verb,medium,6.213076845,some,11,6,5,2
å kjøpe,verb,medium,5.586676881,some,16,5,4,2
å kjøre,verb,medium,6.133939035,many,23,5,4,2
å klappe,verb,medium,6.192139016,many,22,6,5,2
å klare,verb,low,3.589975971,some,16,5,5,2
å klatre,verb,medium,6.299301388,some,9,6,6,2
å kle på,verb,medium,6.171686242,no info,,6,6,2
å klekke,verb,medium,5.424846593,many,19,6,5,2
å klekkes,verb,medium,5.623163096,some,11,7,6,2
å klemme,verb,medium,5.965988328,some,15,6,5,2
å klippe,verb,medium,6.278750526,many,19,6,5,2
å klovne,verb,medium,4.814925876,some,7,6,6,2
å klype,verb,medium,5.849734439,some,10,5,5,2
å knabbe,verb,medium,4.873158834,some,15,6,5,2
å knele,verb,medium,5.959175702,some,6,5,5,2
å kneppe,verb,medium,5.75,some,15,6,5,2
å kneppe opp,verb,medium,5.903979181,no info,,10,8,3
å knuse,verb,medium,5.95,some,13,5,5,2
å knytte,verb,medium,4.988770311,some,12,6,5,2
å koke,verb,medium,6.446215724,some,18,4,4,2
å komme,verb,medium,4.880065543,many,19,5,4,2
å kommentere,verb,medium,4.640858295,some,4,10,9,4
å konsentrere,verb,low,3.38,some,4,11,11,4
å konsentrere seg,verb,low,4.32,no info,,15,no info,no info
å korse seg,verb,medium,4.992938555,no info,,9,7,3
å kose,verb,medium,6.010320834,many,22,4,4,2
å krabbe,verb,medium,6.247005952,some,15,6,5,2
å krangle,verb,medium,5.377261988,some,12,7,6,2
å kreve,verb,low,3.586544861,some,8,5,5,2
å krige,verb,medium,5.789009677,some,9,5,5,2
å kry,verb,low,3.351684674,some,13,3,3,1
å krympe,verb,medium,5.266339775,some,5,6,6,2
å krysse,verb,medium,4.931698577,some,13,6,5,2
å kryste,verb,medium,4.661317548,some,10,6,6,2
å kunne,verb,low,3.18529723,many,19,5,4,2
å kutte,verb,medium,5.498795094,many,25,5,4,2
å kverne,verb,medium,5.865519436,some,5,6,5,2
å kysse,verb,medium,6.486124158,some,17,5,4,2
å la,verb,low,2.729037994,many,33,2,2,1
å lære,verb,medium,4.69,many,25,4,4,2
å lage,verb,low,4.296283483,many,32,4,4,2
å lage mat,verb,medium,6.00989215,no info,,8,8,3
å lande,verb,medium,5.970888863,many,30,5,4,2
å låse,verb,medium,6.346999834,many,27,4,4,2
å late som,verb,low,3.84,no info,,8,no info,no info
å le,verb,medium,6.10548595,many,40,2,2,1
å lede,verb,medium,4.978327663,many,30,4,4,2
å legge,verb,medium,5.17530819,many,22,5,4,2
å leke,verb,medium,5.525332747,many,25,4,4,2
å lekke,verb,medium,5.000503571,many,34,5,4,2
å lengte,verb,low,4.34,many,19,6,5,2
å lese,verb,medium,6.108441522,many,29,4,4,2
å lete,verb,medium,5.372980093,many,31,4,4,2
å lide,verb,medium,4.77426412,many,19,4,4,2
å ligge,verb,medium,6.304215606,many,20,5,4,2
å like,verb,low,3.894638336,many,27,4,4,2
å lime,verb,medium,5.697565582,many,23,4,4,2
å løfte,verb,medium,6.148768417,some,11,5,5,2
å lokke,verb,medium,4.676826945,many,29,5,4,2
å løpe,verb,medium,6.045857003,some,14,4,4,2
å love,verb,low,2.829028247,many,27,4,4,2
å lufte,verb,medium,5.231164466,some,13,5,5,2
å lukke,verb,medium,5.689416698,many,20,5,4,2
å lukte,verb,medium,5.324640969,some,10,5,5,2
å lure,verb,low,4.12362717,many,29,4,4,2
å lure på,verb,low,3.82,no info,,7,no info,no info
å lykkes,verb,low,3.583523697,some,12,6,5,2
å lyse,verb,medium,5.488873417,many,30,4,4,2
å lyste,verb,low,2.00851705,many,22,5,5,2
å lytte,verb,medium,5.031590195,many,29,5,4,2
å lyve,verb,medium,5.097284145,many,22,4,4,2
å måke,verb,medium,5.98,many,22,4,4,2
å makte,verb,low,3.108738924,some,16,5,5,2
å male,verb,high,6.79982075,many,27,4,4,2
å måle,verb,medium,5.16875247,many,25,4,4,2
å mangle,verb,low,4.176442504,some,11,6,5,2
å massere,verb,medium,6.236804887,some,12,7,6,3
å mate,verb,medium,5.848236087,many,29,4,4,2
å måtte,verb,low,3.284333666,many,22,5,4,2
å meisle,verb,medium,4.79591543,some,5,6,5,2
å melke,verb,medium,6.481461868,some,11,5,5,2
å mene,verb,low,2.763189729,many,23,4,4,2
å minne om,verb,low,2.74,no info,,8,no info,no info
å minne på,verb,low,3.25,no info,,8,no info,no info
å mislike,verb,low,3.074474136,some,5,7,7,3
å miste,verb,medium,5.002266406,some,17,5,5,2
å moppe,verb,medium,5.788000986,many,20,5,4,2
å mose,verb,medium,5.37,many,24,4,4,2
å møte,verb,medium,5.048870551,many,19,4,4,2
å mure,verb,medium,5.967196832,many,26,4,4,2
å nå,verb,low,4.317209208,many,29,2,2,1
å nappe,verb,medium,5.656191601,many,25,5,4,2
å nekte,verb,low,4.41,many,19,5,5,2
å nikke,verb,medium,6.217565582,many,24,5,4,2
å nyse,verb,medium,6.152583913,some,18,4,4,2
å nytte,verb,low,2.212277421,many,29,5,4,2
å ødelegge,verb,medium,5.610293136,some,4,8,7,4
å øke,verb,low,4.334255887,some,18,3,3,2
å ønske,verb,low,3.420969481,some,7,5,5,2
å operere,verb,medium,5.76504018,some,5,7,7,4
å oppdage,verb,low,4.288455295,some,5,7,6,3
å oppfatte,verb,low,3.925021693,some,10,8,6,3
å oppholde,verb,low,3.863433492,some,6,8,6,3
å ordne,verb,low,4.318192028,some,5,5,5,2
å øse,verb,medium,6.078833352,many,22,3,3,2
å pakke,verb,medium,5.948601159,many,29,5,4,2
å peke,verb,medium,6.45,some,16,4,4,2
å planlegge,verb,low,4.33,few,3,9,8,3
å plante,verb,medium,6.170458017,some,8,6,6,2
å plaske,verb,medium,6.173903555,some,10,6,6,2
å plassere,verb,low,4.366159721,some,10,8,7,3
å pløye,verb,medium,6.256086125,some,8,5,4,2
å plukke,verb,medium,5.576083065,some,9,6,5,2
å plystre,verb,medium,6.363347226,some,6,7,7,2
å poste,verb,medium,5.397858765,some,9,5,5,2
å prate,verb,medium,6.211409301,some,10,5,5,2
å prege,verb,low,4.22,some,8,5,5,2
å presse,verb,medium,5.023023801,some,12,6,5,2
å prompe,verb,medium,5.66,some,7,6,6,2
å prøve,verb,low,3.739084984,some,7,5,5,2
å pumpe opp,verb,medium,5.928914386,no info,,9,8,3
å pusse,verb,medium,5.785958883,many,25,5,4,2
å pusse tenner,verb,medium,6.43765443,no info,,12,10,4
å puste,verb,medium,5.8,some,16,5,5,2
å putte,verb,medium,4.814233516,many,25,5,4,2
å rake,verb,high,6.650052147,many,38,4,4,2
å rane,verb,medium,5.602922964,many,34,4,4,2
å rase,verb,medium,4.890050754,many,34,4,4,2
å re,verb,medium,5.75,many,38,2,2,1
å regne (med tall),verb,medium,5.26,many,33,5,4,2
å regne (om været),verb,medium,6.093395739,many,33,5,4,2
å rense,verb,low,3.93,some,15,5,5,2
å reparere,verb,medium,5.188321955,some,5,8,8,4
å rette,verb,low,4.203286018,many,34,5,4,2
å ri,verb,medium,6.458099187,many,37,2,2,1
å ringe,verb,medium,6.285763047,many,22,5,4,2
å ringe på,verb,medium,6.186590371,no info,,8,7,3
å riste,verb,medium,5.75,many,31,5,5,2
å rive,verb,medium,5.345535222,many,25,4,4,2
å rive av,verb,medium,5.57,no info,,7,no info,no info
å ro,verb,medium,6.432670804,many,32,2,2,1
å romme,verb,low,4.390798886,many,22,5,4,2
å rope,verb,medium,6,many,19,4,4,2
å røre,verb,medium,5.805876869,many,28,4,4,2
å røske,verb,medium,5.240229645,some,12,5,5,2
å rote,verb,medium,5.263074122,many,28,4,4,2
å røyke,verb,medium,6.393630564,some,17,5,4,2
å ruske,verb,medium,4.520204903,many,20,5,5,2
å rusle,verb,medium,5.828616417,some,15,5,5,2
å rydde,verb,medium,5.844755934,many,25,5,4,2
å rygge,verb,medium,5.853895789,some,15,5,4,2
å rykke,verb,low,4.470246361,many,22,5,4,2
å rynke,verb,medium,6.042158666,some,12,5,5,2
å så,verb,medium,4.927048086,many,36,2,2,1
å safte,verb,medium,5.429270054,some,13,5,5,2
å sage,verb,medium,6.498965117,many,24,4,4,2
å sakse,verb,medium,5.199628652,some,16,5,5,2
å salte,verb,medium,5.603560469,many,25,5,5,2
å satse på,verb,low,3.483629392,no info,,8,8,3
å sause inn,verb,low,3.548300643,no info,,9,7,3
å savne,verb,low,4,some,12,5,5,2
å se,verb,medium,5.318675148,many,37,2,2,1
å se på (TV),verb,medium,6.123696037,no info,,5,5,2
å seile,verb,medium,6.289109885,many,31,5,4,2
å selge,verb,medium,4.88,many,32,5,4,2
å sende,verb,medium,5.34147116,many,24,5,4,2
å servere,verb,medium,5.79,some,4,7,7,3
å sette,verb,low,4.444567464,many,32,5,4,2
å si,verb,low,3.919878195,many,35,2,2,1
å sikre seg,verb,low,3.419963631,no info,,9,8,3
å sitte,verb,high,6.687518907,many,31,5,4,2
å sjanse,verb,low,2.757683875,no info,,6,5,2
å skade,verb,medium,5.352923494,some,12,5,5,2
å skamme seg,verb,low,4.25,no info,,10,no info,no info
å skape,verb,low,3.943409561,some,13,5,5,2
å skille,verb,medium,4.554793409,many,27,6,4,2
å skjære,verb,medium,6.259685392,many,20,6,4,2
å skjære ut,verb,medium,5.15531649,no info,,9,7,3
å skje,verb,low,3.569810937,many,31,4,2,1
å skjenne,verb,medium,4.800476604,many,30,7,4,2
å skjønne,verb,low,3.667668406,some,15,7,4,2
å skjule,verb,low,4.488421884,some,16,6,4,2
å skli,verb,medium,6.441809649,some,5,4,4,1
å sko,verb,medium,5.332372793,some,16,3,3,1
å skøyte,verb,medium,5.620694322,some,11,6,4,2
å skråne,verb,low,4.421094817,some,11,6,6,2
å skrelle,verb,medium,6.095036058,some,10,7,6,2
å skremme,verb,medium,5.780514701,some,7,7,6,2
å skrike,verb,medium,5.642066143,some,11,6,6,2
å skrive,verb,medium,6.031913244,some,8,6,6,2
å skrive på maskin,verb,high,6.83887737,no info,,16,14,5
å skru,verb,medium,6.368072756,some,10,4,4,1
å skulle,verb,low,2.888439705,some,18,6,5,2
å skumpe,verb,medium,4.68031755,some,11,6,6,2
å skylle,verb,medium,5.63,many,21,6,4,2
å skynde seg,verb,medium,5.125225546,no info,,10,7,3
å skyte,verb,medium,6.268630564,many,19,5,4,2
å skyve,verb,medium,5.834755671,some,12,5,4,2
å slå,verb,medium,6.27637296,some,14,3,3,1
å slå seg,verb,medium,6,no info,,7,no info,no info
å slappe av,verb,medium,5.575061047,no info,,9,8,3
å slåss,verb,medium,6.284302883,some,9,5,4,1
å slenge,verb,medium,4.868241789,some,14,6,5,2
å slikke,verb,medium,6.28774744,some,18,6,5,2
å slipe,verb,medium,5.285519514,some,14,5,5,2
å slukke,verb,medium,5.613812196,some,17,6,5,2
å slutte,verb,low,4.304801313,some,14,6,5,2
å smake,verb,medium,4.851877441,some,15,5,5,2
å smelte,verb,medium,5.577978209,some,14,6,6,2
å smile,verb,medium,6.583318939,some,13,5,5,2
å smøre,verb,medium,5.512825619,some,6,5,5,2
å smykke seg,verb,medium,4.804463298,no info,,10,8,3
å snakke,verb,medium,5.84214327,some,15,6,5,2
å snegle,verb,low,4.373385122,some,12,6,5,2
å snekre,verb,medium,6.371290187,some,7,6,6,2
å snike,verb,medium,5.20436065,some,15,5,5,2
å snø,verb,medium,6.355836674,some,12,3,3,1
å snorke,verb,medium,5.42,some,6,6,6,2
å snu,verb,medium,5.597927271,some,14,3,3,1
å snuse,verb,medium,6.201848582,some,9,5,5,2
å søle,verb,medium,5.811686242,many,24,4,4,2
å sole seg,verb,medium,6.255985882,no info,,8,7,3
å sørge,verb,medium,5.069747372,some,6,5,5,2
å sove,verb,medium,6.473890762,some,18,4,4,2
å spa,verb,medium,6.208614556,some,14,3,3,1
å spå,verb,medium,5.849281019,some,9,3,3,1
å sparke,verb,medium,6.321550985,some,9,6,6,2
å spasere,verb,medium,5.880593206,some,5,7,7,3
å speile seg,verb,medium,6.209965188,no info,,10,8,3
å spikke,verb,medium,6.284572511,some,15,6,5,2
å spikre,verb,medium,6.35737101,some,5,6,6,2
å spille,verb,medium,6.046154609,some,15,6,5,2
å spille golf,verb,high,6.63538142,no info,,11,10,3
å spinne,verb,medium,5.800579263,some,13,6,5,2
å spise,verb,medium,6.132813525,some,10,5,5,2
å spisse,verb,medium,5.582359604,some,11,6,5,2
å spore opp,verb,medium,5.112728406,no info,,9,8,3
å spørre,verb,medium,4.739245083,some,5,6,5,2
å spre,verb,medium,4.585313031,some,10,4,4,1
å sprekke,verb,medium,5.357160899,some,10,7,6,2
å sprette,verb,medium,5.55,some,17,7,6,2
å springe,verb,medium,5.833531991,some,6,7,6,2
å sprute,verb,medium,5.800549506,some,7,6,6,2
å stå,verb,medium,6.527580852,some,17,3,3,1
å stå på ski,verb,high,6.692422074,no info,,10,8,3
å steine,verb,medium,5.98354113,some,9,6,5,2
å steke,verb,medium,6.489164445,some,14,5,5,2
å stemme (ved valg),verb,medium,5.72,some,14,6,5,2
å stemple,verb,medium,6.178435898,some,5,7,7,2
å stenge,verb,medium,5.23297371,some,15,6,5,2
å stige,verb,medium,5.279830841,some,9,5,5,2
å stikke,verb,medium,5.414475763,many,20,6,5,2
å stirre,verb,medium,5.74652326,some,10,6,5,2
å stjele,verb,medium,5.439423947,few,3,6,6,2
å støvsuge,verb,high,6.82185979,some,5,8,8,3
å straffe,verb,medium,4.913281436,some,9,7,6,2
å stråle,verb,medium,6.07553453,some,7,6,6,2
å strande,verb,medium,5.12864365,some,9,7,6,2
å strekke,verb,medium,5.128178633,some,11,7,6,2
å strikke,verb,medium,6.448308018,some,13,7,6,2
å strø,verb,medium,6.207545776,some,12,4,4,1
å stryke,verb,medium,5.966831422,some,7,6,6,2
å stupe,verb,high,6.852923494,some,14,5,5,2
å sukre,verb,medium,5.405792168,some,5,5,5,2
å surfe,verb,medium,6.419658803,some,5,5,5,2
å svare,verb,low,3.778361666,many,20,5,5,2
å sveipe,verb,low,3.917945503,some,9,6,5,2
å svekke,verb,low,3.11,some,13,6,5,2
å svette,verb,medium,5.709020298,some,18,6,5,2
å svine til,verb,medium,4.587409093,no info,,9,8,3
å svinge,verb,medium,5.753846843,some,15,6,5,2
å svømme,verb,medium,6.262836864,some,4,6,5,2
å sy,verb,medium,6.387854006,many,32,2,2,1
å sykle,verb,medium,6.563692634,some,8,5,5,2
å synge,verb,medium,6.304618411,some,8,5,4,2
å synke,verb,medium,5.72314448,some,8,5,5,2
å syns,verb,low,3.341207791,some,5,4,4,1
å ta,verb,low,4.322223651,many,33,2,2,1
å ta bilde,verb,medium,6.548353689,no info,,8,8,3
å tabbe seg ut,verb,medium,4.568682348,no info,,12,9,4
å tale,verb,medium,5.24,many,27,4,4,2
å tapetsere,verb,medium,5.984883797,some,4,9,9,4
å tappe,verb,medium,5.198242458,many,34,5,4,2
å tegne,verb,medium,6.343262852,many,21,5,4,2
å teipe,verb,medium,6.069339147,some,13,5,4,2
å telle,verb,medium,4.99,many,30,5,4,2
å telte,verb,medium,6.054220311,many,25,5,5,2
å tenke,verb,low,4.127823895,some,13,5,5,2
å tenne,verb,medium,6.166911844,many,27,5,4,2
å tenne på,verb,medium,5.73840286,no info,,8,7,3
å tigge,verb,medium,5.926989746,many,23,5,4,2
å tilsi,verb,low,2.262319548,few,3,5,5,2
å tiltrekke,verb,low,3.872755484,few,2,9,8,3
å tisse,verb,high,6.926020194,many,33,5,4,2
å titte,verb,medium,5.785535222,many,28,5,4,2
å toge,verb,low,4.495125019,some,17,4,4,2
å tolke,verb,low,4.28,some,5,5,5,2
å tømme,verb,medium,5.07765443,some,18,5,4,2
å toppe,verb,low,3.214361428,many,24,5,4,2
å tørke,verb,medium,5.253690377,some,9,5,5,2
å trå,verb,medium,5.308417068,some,18,3,3,1
å trampe,verb,medium,6.373455376,some,10,6,6,2
å trappe ned,verb,low,3.283630409,no info,,10,9,3
å tre,verb,medium,4.604900215,many,19,3,3,1
å treffe,verb,medium,5.006308244,some,10,6,5,2
å trekke,verb,medium,5.455502688,many,22,6,5,2
å trene,verb,medium,6.20532732,many,21,5,5,2
å trille,verb,medium,5.69,many,23,6,5,2
å tro,verb,low,3.660379415,some,17,3,3,1
å tromme,verb,medium,6.343042647,some,16,6,5,2
å trøste,verb,medium,5.31,some,11,6,6,2
å trylle,verb,medium,6.100772357,some,14,6,5,2
å tulle,verb,low,4.449164445,many,28,5,4,2
å tute,verb,medium,6.031001707,many,25,4,4,2
å tvinge,verb,medium,4.54,some,9,6,5,2
å tyde,verb,low,3.946421945,some,16,4,4,2
å undersøke,verb,low,4.35,some,5,9,7,4
å utgi,verb,low,3.735479228,some,4,4,4,2
å utstyre,verb,low,4.030769795,some,5,7,7,3
å utvikle,verb,low,3.419961306,some,5,7,7,3
å være,verb,low,3.115948624,many,24,4,4,2
å våkne,verb,medium,5.491557471,some,9,5,5,2
å vanne,verb,medium,6.494635019,many,32,5,4,2
å vaske,verb,medium,6.208544414,many,24,5,5,2
å vaske opp,verb,medium,6.23,no info,,9,no info,no info
å vasse,verb,medium,6.12264965,many,28,5,4,2
å veie,verb,medium,5.695436005,many,21,4,3,2
å veive,verb,medium,5.798031215,some,16,5,4,2
å vekke,verb,medium,4.986887966,many,26,5,4,2
å velge,verb,low,4.030756282,some,7,5,5,2
å velte,verb,medium,5.448308018,many,28,5,5,2
å vente,verb,medium,5.612965929,many,25,5,5,2
å vie,verb,medium,5.631514131,many,25,3,3,2
å vifte,verb,medium,6.163054632,some,13,5,5,2
å ville,verb,low,3.222453032,many,37,5,4,2
å vinke,verb,medium,6.511372316,many,20,5,5,2
å vinne,verb,medium,5.146152535,many,37,5,4,2
å virke,verb,low,3.074229319,some,14,5,5,2
å vise,verb,low,4.269086344,many,27,4,4,2
å vispe,verb,medium,6.202199843,some,14,5,5,2
å vite,verb,low,3.549669959,many,30,4,4,2
å vugge,verb,medium,5.530313485,some,18,5,4,2
afasi,noun,low,3.478147783,few,1,5,5,3
alvorlig,adjective,medium,4.704808978,few,1,8,6,3
amper,adjective,low,4.23703441,few,3,5,5,2
ånd,noun,low,4.450299,many,27,3,2,1
annerledes,adjective,low,3.800062701,few,0,10,8,4
åpen,adjective,medium,5.104850275,some,9,4,4,2
arbeid,noun,medium,5.364138933,few,2,6,4,2
arg,adjective,medium,5.261082716,some,14,3,3,1
arroganse,noun,medium,4.824992109,few,2,9,8,4
artig,adjective,medium,4.707380519,few,3,5,3,2
avskjed,noun,medium,5.368671265,few,0,7,5,2
avskrekkende,adjective,low,3.248852254,few,2,12,10,4
avsky,noun,medium,4.63538142,few,1,5,4,2
avstand,noun,medium,4.845374612,few,0,7,6,2
bakgrunn,noun,medium,5.034365109,few,0,8,6,2
barnslig,adjective,low,3.64631662,few,2,8,6,2
bebreidelse,noun,low,3.564320765,few,2,11,10,4
begeistret,adjective,medium,5.137565582,some,4,10,9,3
bekymra,adjective,medium,4.68967017,few,2,7,7,3
besluttsom,adjective,low,3.615246577,few,2,10,9,3
blå,adjective,medium,6.467149684,some,15,3,3,1
blass,adjective,low,4.342389716,some,14,5,4,1
blekk,noun,medium,6.338361666,some,12,5,4,1
blid,adjective,medium,5.795879353,some,18,4,3,1
blind,adjective,medium,5.540508128,some,10,5,4,1
blod,noun,high,6.66,some,16,4,3,1
bra,adjective,low,3.729164445,many,19,3,3,1
brå,adjective,low,3.879736706,some,18,3,3,1
bråkete,adjective,medium,5.007195005,some,9,7,7,3
bred,adjective,medium,4.876959202,many,20,4,3,1
briller,noun,high,7.080300775,some,14,7,6,2
brun,adjective,medium,6.154932756,some,13,4,4,1
brus,noun,medium,6.58,many,20,4,4,1
brysk,adjective,low,4.110157906,some,5,5,5,1
cola,noun,high,6.698948199,no info,,4,4,2
corn flakes,noun,high,6.86,no info,,11,no info,no info
dårlig,adjective,low,3.717167362,few,3,6,4,2
deilig,adjective,low,3.835508139,few,1,6,4,2
delikat,adjective,low,4.463523697,few,1,7,7,3
desperat,adjective,medium,5.296410178,few,1,8,8,3
dessert,noun,medium,6.116557471,few,0,7,5,2
detaljert,adjective,low,3.627962299,few,2,9,8,3
diger,adjective,medium,5.731090614,some,7,5,5,2
direkte,adjective,low,3.47765443,few,1,7,7,3
dopapir,noun,high,7,no info,,7,no info,no info
drømmende,adjective,medium,4.537261988,some,5,9,7,3
dum,adjective,low,4.067125743,some,16,3,3,1
duplo,noun,medium,5.930925782,few,0,5,5,2
dyktig,adjective,low,3.03242242,few,2,6,5,2
effektfull,adjective,low,2.831566778,few,2,10,8,3
effektiv,adjective,low,4.101586749,few,2,8,7,3
egentlig,adjective,low,2.117812062,few,2,8,7,3
ei and,noun,high,6.921147985,many,34,3,2,1
ei balje,noun,medium,6.448550603,some,7,5,5,2
ei barneseng,noun,medium,6.245200136,no info,,9,7,3
ei barnevogn,noun,high,6.9293253,few,1,9,8,3
ei bestemor,noun,medium,6.564060051,few,0,8,8,3
ei bjelle,noun,medium,6.384414863,some,7,6,5,2
ei bleie,noun,medium,6.540319932,some,11,5,4,2
ei bok,noun,high,6.657511239,many,20,3,3,1
ei bombe,noun,medium,6.04,some,8,5,5,2
ei bøtte,noun,high,6.828465699,many,22,5,4,2
ei brødskive,noun,high,6.888228959,no info,,9,7,3
ei bukse,noun,medium,6.547950644,some,13,5,5,2
ei dame,noun,high,6.686033595,some,8,4,4,2
ei dør,noun,high,7.069296133,many,28,3,3,1
ei dukke,noun,medium,6.505535222,many,19,5,4,2
ei dyne,noun,high,6.82,some,12,4,4,2
ei eng,noun,medium,6.43573949,many,23,3,2,1
ei eske,noun,high,6.84,some,17,4,4,2
ei farmor,noun,medium,6.19,few,0,6,6,2
ei fjær,noun,high,6.717846487,some,6,4,4,1
ei flaske,noun,medium,6.585313031,some,13,6,6,2
ei fløyte,noun,high,6.794755671,some,12,6,5,2
ei flue,noun,high,6.879273304,some,8,4,4,2
ei frøpakke,noun,medium,5.822422949,no info,,8,7,3
ei fure,noun,medium,4.867427281,many,28,4,4,2
ei gardin,noun,high,6.795256958,few,3,6,5,2
ei gås,noun,medium,6.516608127,some,16,3,3,1
ei gate,noun,high,6.651397213,many,20,4,4,2
ei geit,noun,high,6.619684397,many,20,4,3,1
ei greie,noun,low,2.324761568,some,14,5,4,2
ei grind,noun,medium,6.073514374,some,13,5,4,1
ei grøft,noun,medium,6.170082875,some,7,5,5,1
ei gryte,noun,high,6.646648493,some,9,5,5,2
ei gulrot,noun,high,6.899322074,few,1,6,6,2
ei hagle,noun,medium,6.548444092,some,9,5,5,2
ei hake,noun,medium,6.13,many,27,4,4,2
ei hånd,noun,high,7.095006101,many,24,4,3,1
ei handling,noun,low,3.620095192,few,1,8,7,2
ei heks,noun,medium,6.38,some,15,4,4,1
ei helsesøster,noun,medium,5.979246293,few,1,11,11,4
ei høne,noun,high,6.932290044,some,17,4,4,2
ei huske,noun,medium,6.421633172,some,16,5,5,2
ei hylle,noun,high,6.7,many,24,5,4,2
ei hytte,noun,high,6.619245083,many,25,5,4,2
ei jakke,noun,high,6.688386766,many,23,5,4,2
ei jente,noun,high,6.921147985,many,19,5,5,2
ei kai,noun,medium,6.6,some,14,3,2,1
ei kanne,noun,high,6.61593566,many,29,5,4,2
ei kasse,noun,medium,6.57,many,28,5,4,2
ei kjerre,noun,medium,6.453116243,some,12,6,4,2
ei kjøttkake,noun,high,6.84,few,3,9,7,3
ei klesklype,noun,high,6.754723091,few,3,9,9,3
ei klokke (bjelle),noun,medium,6.599116223,some,16,6,5,2
ei klokke (ur),noun,high,6.860775333,some,16,6,5,2
ei konvolutt,noun,high,6.811250448,few,0,9,8,3
ei kortbukse,noun,medium,6.234233903,few,3,9,8,3
ei kråke,noun,medium,6.559850228,some,12,5,5,2
ei krise,noun,low,3.732256531,some,17,5,5,2
ei krone (penger),noun,high,6.71,some,16,5,5,2
ei krukke,noun,medium,6.371627526,some,12,6,5,2
ei ku,noun,high,6.649015014,many,29,2,2,1
ei lampe,noun,high,6.659169661,some,13,5,5,2
ei lekegrind,noun,medium,6.575061047,few,2,9,8,3
ei lekse,noun,medium,4.930676418,some,16,5,5,2
ei leppe,noun,medium,6.108798873,many,26,5,4,2
ei liste,noun,medium,6.058741973,many,20,5,5,2
ei lommebok,noun,high,6.745780637,few,1,8,7,3
ei lommelykt,noun,high,6.681529045,few,1,9,8,3
ei lompe,noun,medium,6.447308827,many,19,5,5,2
ei lue,noun,high,6.661541449,many,29,3,3,2
ei lykt,noun,medium,6.336157228,some,13,4,4,1
ei lyspære,noun,high,6.77,some,4,7,7,3
ei matpakke,noun,high,6.77703103,few,3,8,7,3
ei mor,noun,medium,6.410089065,many,26,3,3,1
ei mormor,noun,medium,6.58,few,0,6,6,2
ei mugge,noun,high,6.738175863,many,25,5,4,2
ei murskje,noun,medium,5.695733618,few,2,7,4,2
ei mus,noun,medium,6.572807201,many,20,3,3,1
ei myr,noun,medium,6.293462673,many,23,3,3,1
ei nål,noun,high,6.834755671,some,14,3,3,1
ei natt,noun,medium,5.787728953,many,29,4,3,1
ei nepe,noun,medium,6.323787593,some,11,4,4,2
ei nese,noun,high,6.762580699,some,17,4,4,2
ei øks,noun,high,7.028756342,some,5,3,3,1
ei oldemor,noun,medium,6.218534478,few,0,7,7,3
ei øse,noun,medium,6.472278866,many,22,3,3,2
ei pære,noun,high,6.66108271,some,17,4,4,2
ei pakke,noun,medium,6.393254166,many,29,5,4,2
ei pannekake,noun,medium,6.453390408,few,3,9,8,4
ei pil (våpen),noun,high,6.69,many,23,3,3,1
ei planteskje,noun,low,4.346729609,no info,,10,8,3
ei pølse,noun,high,6.871590195,some,7,5,5,2
ei potetnese,noun,medium,5.897708854,no info,,9,9,4
ei potte,noun,high,6.72,some,17,5,4,2
ei prøve,noun,medium,4.846328824,some,7,5,5,2
ei pute,noun,medium,6.455131189,many,19,4,4,2
ei rake,noun,high,6.709607494,many,38,4,4,2
ei rand,noun,low,4.25050346,many,34,4,3,1
ei rive,noun,medium,6.582804457,many,25,4,4,2
ei rødbete,noun,medium,6.539346761,some,4,7,6,3
ei rogn,noun,medium,5.57,some,9,4,4,1
ei rumpe,noun,high,7.032259096,some,14,5,5,2
ei rye,noun,medium,5.931582188,many,22,3,3,2
ei rynke,noun,medium,6.143292541,some,12,5,5,2
ei sag,noun,high,6.89671174,many,26,3,3,1
ei saks,noun,high,6.918675148,some,16,4,4,1
ei sandkasse,noun,high,6.637605674,some,4,9,7,3
ei såpeboble,noun,high,6.799301388,few,3,9,9,4
ei selebukse,noun,medium,5.959819868,no info,,9,9,4
ei seng,noun,high,6.800062701,some,18,4,3,1
ei side,noun,low,4.475809179,many,20,4,4,2
ei skål,noun,high,6.65,some,9,4,4,1
ei ski (sport),noun,high,6.75,many,28,3,2,1
ei skilpadde,noun,high,6.653701729,few,3,9,7,3
ei skjære,noun,medium,6.591660142,many,20,6,4,2
ei skje,noun,high,6.701022113,many,31,4,2,1
ei skjorte,noun,high,6.66101666,some,9,7,4,2
ei sklie,noun,high,6.775237355,some,4,5,5,2
ei skøyte (sport),noun,medium,6.59,some,11,6,4,2
ei skråning,noun,medium,6.112052394,few,1,8,7,2
ei skulder,noun,medium,6.590348712,few,1,7,7,2
ei smekke,noun,high,6.62,some,18,6,5,2
ei snekkerbukse,noun,high,6.602922964,few,3,12,11,4
ei snor,noun,medium,6.226154495,some,14,4,4,1
ei snøskuffe,noun,medium,6.549547962,few,3,9,8,3
ei sol,noun,high,6.637605674,many,30,3,3,1
ei søppelbøtte,noun,medium,6.477428288,no info,,11,9,4
ei søster,noun,medium,5.918646364,some,5,6,6,2
ei spisevogn,noun,medium,6.17,few,1,9,9,3
ei stang,noun,medium,6.357593388,some,15,5,4,1
ei stekepanne,noun,high,6.658741973,some,4,10,9,4
ei stjerne,noun,medium,6.534236803,few,3,7,6,2
ei strand,noun,high,6.615844573,some,7,6,5,1
ei strømpe,noun,medium,6.56,some,5,7,7,2
ei strømpebukse,noun,high,7.009753805,few,3,12,12,4
ei symaskin,noun,high,6.843189729,few,1,8,7,3
ei synål,noun,medium,6.343993999,few,1,5,5,2
ei t-skjorte,noun,high,6.689060051,no info,,9,6,3
ei tå,noun,medium,6.599918904,many,34,2,2,1
ei tang (verktøy),noun,high,6.86,many,30,4,3,1
ei tankeboble,noun,medium,5.874235383,no info,,10,10,4
ei tann,noun,high,6.829680573,many,31,4,3,1
ei tante,noun,medium,5.994273583,many,19,5,5,2
ei tavle,noun,high,6.803189729,some,12,5,5,2
ei tegneseriestripe,noun,medium,6.181307028,no info,,16,15,7
ei tid,noun,low,3.608385081,many,30,3,2,1
ei tønne,noun,medium,6.596136824,some,17,5,4,2
ei trådsnelle,noun,high,6.77,few,3,10,8,3
ei trampoline,noun,high,6.844755934,few,2,10,10,4
ei trapp,noun,medium,6.523792451,some,15,5,4,1
ei trillebår,noun,high,6.89,few,2,9,8,3
ei tromme,noun,high,6.844420591,some,16,6,5,2
ei trøye,noun,high,6.631590195,some,10,5,4,2
ei truse,noun,medium,6.39477066,some,12,5,5,2
ei tunge,noun,medium,6.506868329,some,14,5,4,2
ei ugle,noun,medium,6.522757281,some,11,4,4,2
ei underbukse,noun,high,6.604572511,few,3,10,9,4
ei vekt,noun,medium,6.462852224,many,25,4,4,1
ei venninne,noun,medium,6.35,few,3,8,6,3
ei veske,noun,medium,6.285987696,some,16,5,5,2
ei vifte,noun,medium,6.242342935,some,13,5,5,2
ei vise,noun,medium,5.33,many,27,4,4,2
ei vugge,noun,high,6.603787593,some,18,5,4,2
ekkel,adjective,medium,4.517066143,few,2,5,4,2
en advarsel,noun,low,4.493505226,few,0,8,7,3
en agurk,noun,high,6.945282583,few,0,5,5,2
en åker,noun,medium,6.485770365,some,7,4,4,2
en analyse,noun,low,3.45,few,2,7,7,4
en ananas,noun,high,6.842001552,few,0,6,6,3
en ånd,noun,medium,4.715439546,many,27,3,2,1
en ankel,noun,high,6.829856594,some,6,5,5,2
en anklage,noun,low,3.182701493,some,4,7,7,3
en anledning,noun,low,3.48,few,0,9,8,3
en anmodning,noun,low,3.13,few,0,9,8,3
en annonse,noun,medium,6.13,few,2,7,6,3
en ape,noun,high,6.710872045,some,18,3,3,2
en apekatt,noun,high,7.02171174,few,0,7,6,3
en appelsin,noun,high,6.958760868,few,0,8,7,3
en arm,noun,high,6.640637773,many,21,3,3,1
en arrangør,noun,low,3.795211257,few,1,8,7,3
en årsak,noun,low,2.38,few,3,5,4,2
en avgift,noun,medium,5.120694322,few,1,6,6,2
en avis,noun,high,6.740661381,some,4,4,4,2
en avling,noun,medium,5.28044887,few,1,6,5,2
en avskjed,noun,medium,5.3825276,few,0,7,5,2
en avtale,noun,low,4.138021935,some,5,6,6,3
en baby,noun,high,6.758224376,few,0,4,4,2
en bakende,noun,medium,4.938837118,few,3,7,6,3
en bakgård,noun,medium,6.55,few,0,7,6,2
en balkong,noun,medium,6.204302166,few,0,7,6,2
en ball,noun,high,6.64631662,many,23,4,3,1
en ballong,noun,high,6.829680573,few,3,7,5,2
en banan,noun,high,6.860438249,few,1,5,5,2
en barne-tv-serie,noun,medium,5.445618997,no info,,14,13,7
en barnehage,noun,high,6.753295392,few,2,9,8,4
en barnestol,noun,high,6.73,no info,,9,no info,no info
en bart,noun,medium,6.540760434,some,15,4,3,1
en bås,noun,medium,5.93,many,25,3,3,1
en bass,noun,medium,5.32,many,27,4,3,1
en båt,noun,high,6.698948199,many,20,3,3,1
en bebreidelse,noun,low,3.573173749,few,2,11,10,4
en begravelse,noun,medium,6.37038575,few,3,10,10,4
en begynnelse,noun,low,3.336976983,few,2,10,9,4
en belgfrukt,noun,medium,5.020001586,few,1,9,9,2
en benk,noun,high,6.878258695,some,9,4,4,1
en bensinstasjon,noun,high,6.802048086,few,0,13,12,4
en beskjed,noun,medium,5.00873924,few,3,7,4,2
en bestefar,noun,medium,6.345991967,few,0,8,8,3
en bestrebelse,noun,low,3.143817341,few,2,11,11,4
en bie,noun,medium,6.519645136,many,19,3,3,2
en bil,noun,medium,6.561385304,many,19,3,3,1
en bildeserie,noun,medium,5.063353383,no info,,10,10,5
en bille,noun,high,6.704395619,many,30,5,4,2
en bisettelse,noun,medium,6.004523337,few,2,10,9,4
en bit,noun,medium,5.653701729,many,21,3,3,1
en bjørn,noun,high,6.783630409,few,0,5,4,1
en blomkål,noun,high,6.906005285,few,0,7,7,2
en blomst,noun,high,6.68573949,few,2,6,6,1
en blyant,noun,high,6.943792429,few,1,6,6,2
en blyantspisser,noun,high,6.849546931,few,1,13,12,4
en bod,noun,medium,6.447405495,many,19,3,3,1
en boks,noun,high,6.76,some,6,4,4,1
en bokstav,noun,high,6.63,few,0,7,7,2
en bølge,noun,medium,6.351569979,some,8,5,5,2
en bolig,noun,medium,6.241557471,some,4,5,4,2
en bolt,noun,medium,5.71152563,some,11,4,4,1
en bonde,noun,medium,6.537728953,some,16,5,4,2
en bondegård,noun,medium,6.520969481,few,1,9,7,3
en bønn,noun,low,3.898683185,some,15,4,3,1
en bønne,noun,medium,6.06158831,some,18,5,4,2
en borg,noun,high,6.679595146,some,11,4,4,1
en børste,noun,medium,6.420185929,some,10,6,5,2
en bragd,noun,low,3.540001626,few,2,5,5,1
en brann,noun,high,6.75,some,12,5,4,1
en brannbil,noun,high,7.023995016,few,0,8,7,2
en brannmann,noun,medium,6.460201204,few,1,9,7,2
en brodd,noun,medium,5.5949617,some,8,5,4,1
en bror,noun,medium,6.38863778,some,11,4,4,1
en brud,noun,medium,6.6,some,12,4,4,1
en brusk,noun,low,3.85,some,5,5,5,1
en bryggekant,noun,medium,6.434755671,no info,,10,9,3
en bue (våpen),noun,medium,6.47,many,21,3,3,2
en bukk (dyr),noun,medium,5.92,some,15,4,3,1
en busk,noun,high,6.77,some,16,4,4,1
en buss,noun,high,6.769589631,many,19,4,3,1
en butikk,noun,medium,6.18529723,few,1,6,5,2
en by,noun,medium,5.789951231,many,26,2,2,1
en byggekloss,noun,medium,6.118675148,few,0,10,8,3
en byste,noun,medium,5.61657625,some,18,5,5,2
en campingplass,noun,high,6.829395619,few,0,12,10,3
en campingvogn,noun,high,6.77,few,1,11,10,3
en caps,noun,high,7.058811937,no info,,4,4,1
en cd-spiller,noun,medium,6.588413874,no info,,10,7,4
en cola,noun,high,6.645372765,no info,,4,4,2
en cowboy,noun,high,6.81,few,0,6,5,2
en dåd,noun,low,2.942574941,some,13,3,3,1
en dag,noun,low,3.90387079,some,17,3,3,1
en dam,noun,medium,5.958441012,many,22,3,3,1
en danser,noun,high,6.67,some,10,6,6,2
en datamaskin,noun,high,6.836544861,few,0,10,9,4
en debatt,noun,medium,5.322605732,few,0,6,5,2
en debut,noun,low,3.59153101,few,0,5,4,2
en del,noun,low,3.547719435,some,16,3,3,1
en dessert,noun,medium,6.455504651,few,0,7,5,2
en detalj,noun,low,3.652352518,few,1,6,6,2
en do,noun,high,6.804215606,many,29,2,2,1
en doktor,noun,medium,6.17105973,few,1,6,6,2
en dott,noun,medium,5.5,many,23,4,3,1
en dress,noun,high,6.879273304,some,10,5,4,1
en drøm,noun,medium,4.674262407,some,6,4,4,1
en drue,noun,medium,6.285821196,some,11,4,4,2
en duk,noun,high,6.670037812,some,14,3,3,1
en dumhet,noun,low,2.911686715,few,2,6,6,2
en dusj,noun,high,6.7,some,11,4,3,1
en dusj (på badet),noun,high,6.71,some,11,4,3,1
en dyrehage,noun,medium,6.432211725,few,2,8,8,4
en ed,noun,medium,4.535999352,many,19,2,2,1
en edderkopp,noun,medium,6.383278127,few,0,9,7,3
en effekt,noun,low,3.767678587,few,3,6,5,2
en ekspert,noun,low,4.230045074,few,1,7,6,2
en eksplosjon,noun,medium,6.51,few,0,10,9,3
en elefant,noun,high,7.182676234,few,0,7,7,3
en elev,noun,medium,6.079395619,few,1,4,4,2
en elg,noun,high,6.987212053,some,10,3,3,1
en ende,noun,medium,5.036372118,many,31,4,3,2
en engel,noun,medium,6.24547592,few,3,5,4,2
en ert,noun,high,6.913634108,some,15,3,2,1
en etikett,noun,medium,6.150296059,few,0,7,6,3
en evne,noun,low,2.745171564,some,12,4,4,2
en fabel,noun,low,3.964572511,some,5,5,5,2
en fange,noun,medium,6.3,many,20,5,4,2
en fangst,noun,medium,5.394589631,few,2,6,5,1
en fare,noun,medium,4.856835907,many,26,4,4,2
en farfar,noun,medium,6.39,few,0,6,6,2
en farge,noun,medium,5.218720855,some,7,5,5,2
en fargeblyant,noun,high,6.8,few,0,11,11,4
en fargestift,noun,medium,6.531545186,few,0,10,10,3
en fase,noun,low,3.358984753,many,26,4,4,2
en feil,noun,low,3.219770047,many,21,4,3,1
en ferd,noun,low,3.925476604,some,7,4,4,1
en fest,noun,medium,6.324890804,some,18,4,4,1
en festning,noun,medium,6.525372765,few,1,8,7,2
en fetter,noun,medium,5.689423947,some,8,6,5,2
en figur,noun,medium,5.760496345,few,1,5,5,2
en fil (verktøy),noun,high,6.66,many,21,3,3,1
en film,noun,medium,5.9,few,2,4,4,1
en finger,noun,high,6.914373029,some,4,6,5,2
en fiolin,noun,high,6.924535503,few,0,6,6,3
en fisk,noun,high,6.795170288,some,14,4,4,1
en flik,noun,medium,4.84,some,13,4,4,1
en flokk,noun,medium,6.01470669,some,15,5,4,1
en fødsel,noun,medium,6.48,few,2,6,6,2
en forening,noun,low,4.243880855,few,1,8,7,3
en forestilling,noun,medium,4.840664014,few,1,12,10,4
en forestilling (idé),noun,low,3.26,few,1,12,10,4
en forestilling (på teater),noun,medium,5.71,few,1,12,10,4
en form,noun,medium,5.483319963,some,10,4,4,1
en fortelling,noun,medium,5.428528677,few,1,10,7,3
en fot,noun,high,6.699717019,many,22,3,3,1
en frakk,noun,medium,6.445831093,some,14,5,4,1
en frokost,noun,medium,6.28,few,0,7,7,2
en frosk,noun,high,6.798675148,few,3,5,5,1
en frykt,noun,low,4.032511239,some,6,5,5,1
en fugl,noun,high,7.003830381,many,23,4,3,1
en fyr,noun,medium,5.629044232,many,27,3,3,1
en fyrstikk,noun,high,6.859051069,few,1,8,6,2
en gåbil,noun,medium,5.755903324,no info,,5,5,2
en gaffel,noun,high,6.838258695,few,3,6,5,2
en galning,noun,medium,5.313727964,few,0,7,6,2
en garasje,noun,medium,6.531837611,few,3,7,6,3
en gård,noun,medium,6.369975217,many,20,4,3,1
en gartner,noun,medium,5.996167912,few,1,7,6,2
en gassledning,noun,medium,4.92,few,0,11,9,3
en gåte,noun,low,3.364241626,some,17,4,4,2
en gave,noun,medium,6.308522433,many,22,4,4,2
en genser,noun,high,6.695113128,few,3,6,6,2
en girspak,noun,medium,6.29,no info,,7,no info,no info
en gitar,noun,high,6.726086545,few,1,5,5,2
en gjeng,noun,medium,6.108866279,some,17,5,3,1
en gjest,noun,medium,4.780315501,some,17,5,4,1
en gjøk,noun,medium,6.3,some,17,4,3,1
en glede,noun,medium,4.838990567,some,9,5,5,2
en glidelås,noun,high,6.640615711,few,2,8,8,3
en grad,noun,low,3.78,some,11,4,4,1
en gren,noun,medium,6.4,many,21,4,4,1
en grense,noun,medium,4.88,some,7,6,6,2
en gressklipper,noun,high,6.860860536,few,3,12,10,3
en grill,noun,medium,6.57,some,10,5,4,1
en gris,noun,high,6.902452704,some,16,4,4,1
en grøde,noun,low,4.241339271,some,9,5,5,2
en grønnsak,noun,medium,6.100221503,few,2,8,7,2
en grønnsakshage,noun,medium,6.289013202,no info,,13,12,4
en grunn,noun,low,3.333127415,some,12,5,4,1
en gud,noun,low,4.020165227,some,8,3,3,1
en gutt,noun,high,6.690009793,some,17,4,3,1
en gyngestol,noun,high,6.94,few,0,9,8,3
en hage,noun,high,6.740844573,many,22,4,4,2
en hageflekk,noun,medium,6.035999352,no info,,9,8,3
en hagespade,noun,medium,6.333138562,no info,,9,9,4
en hai,noun,high,6.912055746,many,21,3,2,1
en hale,noun,medium,6.40270739,many,31,4,4,2
en hamburger,noun,medium,6.516679454,few,1,9,9,3
en hammer,noun,high,6.93,many,22,6,5,2
en hane,noun,high,7.052241451,many,24,4,4,2
en hanske,noun,high,6.663054632,some,7,6,6,2
en hatt,noun,high,6.95005506,many,31,4,3,1
en haug,noun,medium,5.796410178,many,29,4,2,1
en heis,noun,high,6.81,many,24,4,3,1
en hekk,noun,high,6.834266038,many,28,4,3,1
en helgen,noun,medium,4.687625007,some,6,6,6,2
en hest,noun,high,6.768390757,many,23,4,4,1
en himmel,noun,high,6.916873859,few,0,6,5,2
en historie,noun,medium,4.563935219,few,3,8,8,4
en hjerne,noun,medium,6.57511438,some,14,6,4,2
en hobby,noun,low,4.305911775,few,3,5,4,2
en hobbybonde,noun,low,3.640850823,no info,,10,8,4
en hoggestabbe,noun,medium,6.399182977,few,2,11,9,4
en hogst,noun,medium,5.27,few,2,5,5,1
en hønsefugl,noun,medium,5.459342786,few,0,9,8,3
en hoppbakke,noun,high,6.63,few,2,9,7,3
en horisont,noun,medium,6.039108153,few,0,8,8,3
en høst,noun,medium,5.745602477,some,8,4,4,1
en hovedstad,noun,medium,4.97,few,0,9,9,3
en hummer,noun,medium,6.247005952,some,7,6,5,2
en hund,noun,high,6.928528677,many,19,4,3,1
en hval,noun,medium,6.393421594,many,31,4,3,1
en idé,noun,low,3.915932972,few,2,3,3,2
en industri,noun,medium,4.7,few,0,8,8,3
en innside,noun,medium,4.939963631,some,7,7,5,3
en innvandrer,noun,medium,5.52,few,2,10,9,3
en instruks,noun,low,4.139197973,few,0,8,8,2
en is,noun,medium,6.53,many,25,2,2,1
en jobb,noun,medium,5.182770968,some,11,4,3,1
en joggesko,noun,high,6.984665376,few,1,8,7,3
en journalist,noun,medium,5.72,few,0,10,8,3
en kaffe,noun,high,6.662194764,some,7,5,4,2
en kake,noun,high,6.68,many,24,4,4,2
en kål,noun,medium,6.5,some,16,3,3,1
en kam,noun,high,6.709020298,many,25,3,3,1
en kamel,noun,medium,6.476166875,few,2,5,5,2
en kanin,noun,high,6.923189729,some,4,5,5,2
en kano,noun,high,6.77,few,3,4,4,2
en kant,noun,medium,5.418473629,many,20,4,4,1
en kar,noun,medium,5.923787593,many,27,3,3,1
en karakter (på prestasjon),noun,medium,5.27,few,0,8,8,3
en karriere,noun,low,3.768390757,few,3,8,7,4
en katt,noun,high,6.810009793,many,35,4,3,1
en kattunge,noun,high,6.683792451,few,2,8,6,3
en kenguru,noun,high,6.987212053,few,0,7,7,3
en kikkert,noun,high,6.721147355,few,3,7,5,2
en kilo,noun,medium,5.125372765,some,6,4,4,2
en kilometer,noun,low,4.24,few,0,9,9,4
en kino,noun,medium,6.6,few,1,4,4,2
en kirke,noun,high,6.84,some,10,5,5,2
en kjeks,noun,medium,6.4163016,some,13,5,4,1
en kjeledress,noun,medium,6.456172303,few,1,10,8,3
en kjelke,noun,medium,6.533145901,some,9,6,5,2
en kjeller,noun,medium,6.326496957,many,26,7,5,2
en kjepp,noun,medium,6.329084954,some,14,5,3,1
en kjerne,noun,medium,5.172851757,some,15,6,4,2
en kjetting,noun,high,6.66,few,1,8,5,2
en kjøkkenhage,noun,medium,5.356046211,few,2,11,9,4
en kjole,noun,medium,6.57425882,some,16,5,4,2
en klarinett,noun,medium,6.45,few,0,9,8,3
en klausul,noun,low,3.385466997,few,0,7,6,2
en klippe,noun,medium,6.226401505,many,19,6,5,2
en klovn,noun,medium,6.453612335,few,2,5,5,1
en knapp,noun,medium,6.597566827,many,19,5,4,1
en kniv,noun,high,6.756932562,few,3,4,4,1
en kø,noun,medium,6.45,many,19,2,2,1
en kokk,noun,medium,6.43,many,30,4,3,1
en komfyr,noun,high,6.718258695,few,1,6,6,2
en komite,noun,medium,4.89,no info,,6,no info,no info
en kommode,noun,high,6.922210703,few,2,7,6,3
en konsekvens,noun,low,3.17,few,1,10,10,3
en konsert,noun,medium,6.1,few,0,7,6,2
en kontrakt,noun,medium,5.865282583,few,2,8,8,2
en kopp,noun,high,7.047210703,many,30,4,3,1
en kornåker,noun,medium,6.49497302,no info,,8,7,3
en kost (å feie),noun,medium,6.438750744,some,8,4,4,1
en kost (å spise),noun,low,4.221358376,some,9,4,4,1
en kråkefugl,noun,medium,5.899448631,few,0,9,8,3
en krakk,noun,high,6.737593562,many,22,5,4,1
en krangel,noun,medium,4.797210703,some,4,7,6,2
en krig,noun,medium,6.074755671,some,5,4,4,1
en krokodille,noun,medium,6.597145512,few,3,10,9,4
en kropp,noun,medium,6.54,some,10,5,4,1
en kurv,noun,high,6.617458843,some,9,4,4,1
en kveld,noun,medium,5.519645136,some,9,5,4,1
en kvern,noun,medium,5.85,few,2,5,4,1
en kvist (plante),noun,medium,6.42,some,9,5,5,1
en kylling,noun,high,6.794382504,few,2,7,5,2
en labyrint,noun,medium,6.345227186,few,0,8,8,3
en lærer,noun,medium,6.373583928,many,23,5,5,2
en landsby,noun,medium,6.147266772,few,0,7,6,2
en lås,noun,medium,6.525569511,many,36,3,3,1
en lastebil,noun,medium,6.421739666,few,0,8,8,3
en låve,noun,high,6.84,many,27,4,4,2
en leder,noun,medium,5.171145955,many,27,5,5,2
en lege,noun,high,6.87982075,many,21,4,4,2
en leir,noun,medium,6.532745645,many,20,4,3,1
en leke,noun,medium,6.47,many,25,4,4,2
en lekeplass,noun,medium,6.57341895,few,1,9,8,3
en lenke,noun,medium,5.860658755,many,19,5,5,2
en leppestift,noun,high,6.762735995,few,1,10,9,3
en lever,noun,medium,5.72,some,8,5,5,2
en lighter,noun,high,6.917037804,some,4,7,5,2
en linjal,noun,high,6.64631662,few,0,6,6,2
en løgn,noun,low,2.877849688,some,18,4,3,1
en løk,noun,medium,6.439313644,many,20,3,3,1
en løsning,noun,low,3.915170119,few,3,7,6,2
en lov,noun,medium,4.71,many,27,3,3,1
en løve,noun,high,6.608741973,many,24,4,4,2
en lur (sove),noun,medium,5.61,many,29,3,3,1
en lykke,noun,low,3.306186384,some,17,5,4,2
en lyst,noun,low,3.841675442,some,16,4,4,1
en mage,noun,medium,6.318708818,many,25,4,4,2
en maiskolbe,noun,high,6.654262474,few,2,9,8,3
en makrell,noun,medium,6.246062286,few,0,7,6,2
en mamma,noun,medium,6.416255978,some,10,5,4,2
en måne,noun,high,6.616081459,many,21,4,4,2
en mann,noun,high,6.654123731,many,21,4,3,1
en mast,noun,medium,6.195565121,some,18,4,4,1
en matboks,noun,high,6.946720288,no info,,7,7,2
en måte,noun,low,2.387548939,many,29,4,4,2
en maur,noun,medium,6.493224677,some,9,4,3,1
en medisin,noun,medium,5.63,few,0,7,7,3
en meisel,noun,medium,5.925945891,few,3,6,5,2
en melon,noun,high,6.653350019,few,1,5,5,2
en mening,noun,low,3.625535222,some,7,6,5,2
en metafor,noun,low,2.455043688,few,0,7,7,3
en metarefleksjon,noun,low,2.370891981,no info,,14,13,5
en middag,noun,high,6.663059275,few,0,6,5,2
en million,noun,medium,5.123165387,few,1,7,6,3
en mobil,noun,high,6.873103277,few,3,5,5,2
en møll,noun,medium,6.198864674,some,13,4,3,1
en monark,noun,medium,5.327995308,few,0,6,6,2
en morfar,noun,medium,6.34,few,0,6,6,2
en motorsykkel,noun,high,6.763191651,few,0,11,10,4
en mulighet,noun,low,3.123787593,few,1,8,7,3
en mulkt,noun,medium,4.98,many,19,5,4,1
en munn,noun,medium,6.568223224,many,21,4,3,1
en mur,noun,high,6.64,many,25,3,3,1
en murstein,noun,medium,6.5712338,few,0,8,7,2
en mygg,noun,high,6.963694847,some,9,4,3,1
en nabo,noun,medium,5.57,few,0,4,4,2
en nasjon,noun,medium,4.644942946,few,3,6,5,2
en navle,noun,high,6.813378407,some,12,5,5,2
en nøkkel,noun,high,6.673789386,few,1,6,5,2
en økning,noun,low,4.14,few,3,6,5,2
en okse,noun,high,6.68573949,some,7,4,4,2
en øl,noun,high,6.659169661,some,12,2,2,1
en oldefar,noun,medium,5.890971792,few,0,7,7,3
en omgang,noun,low,3.806150851,few,2,6,5,2
en onkel,noun,medium,5.81033692,few,2,5,5,2
en oppdagelse,noun,low,3.794292415,few,3,10,9,4
en oppvaskmaskin,noun,high,7.028287295,few,0,13,11,4
en ordfører,noun,medium,5.96,few,1,8,7,3
en ordning,noun,low,2.833503122,few,1,7,6,2
en ost,noun,high,6.877340347,some,9,3,3,1
en overall,noun,medium,5.8928103,few,1,7,6,3
en overraskelse,noun,medium,4.640643543,few,2,12,11,5
en overtro,noun,low,3.5741677,few,3,7,6,3
en ovn,noun,high,6.729164445,some,7,3,3,1
en pappa,noun,medium,5.947260249,many,19,5,4,2
en paraply,noun,high,7.22123772,few,0,7,7,3
en park,noun,medium,6.432055746,some,14,4,4,1
en PC,noun,high,6.858361666,few,2,2,4,2
en peis,noun,high,6.76,some,17,4,3,1
en penn,noun,high,6.932561966,many,23,4,3,1
en pensel,noun,high,6.825282583,some,7,6,6,2
en person,noun,medium,6.275266425,few,3,6,5,2
en pille,noun,medium,6.57,many,34,5,4,2
en pingvin,noun,medium,6.576643054,few,0,7,6,2
en pinne,noun,high,6.658324326,many,31,5,4,2
en pirat,noun,high,6.746967441,few,3,5,5,2
en pistol,noun,high,6.663738304,few,0,6,6,2
en pizza,noun,high,6.924535503,few,0,5,5,2
en plan,noun,medium,4.678997349,some,8,4,4,1
en planet,noun,high,6.749326035,few,2,6,6,2
en plankebit,noun,high,6.682922863,no info,,9,9,3
en plante,noun,medium,6.26826355,some,8,6,6,2
en plogfure,noun,medium,4.676772571,few,2,8,8,3
en politimann,noun,high,6.61524019,few,1,10,9,4
en ponni,noun,medium,6.383278127,some,4,5,4,2
en port,noun,medium,6.397992722,some,10,4,3,1
en pose,noun,high,6.610009793,many,22,4,4,2
en posisjon,noun,low,3.83,few,2,8,7,3
en positur,noun,medium,5.112493621,few,1,7,7,3
en postmann,noun,medium,6.549882767,few,1,8,7,2
en potet,noun,high,6.649015014,few,1,5,5,2
en presang,noun,medium,6.377565582,few,0,7,6,2
en president,noun,medium,6.07,few,1,9,9,3
en prest,noun,high,6.756484424,some,12,5,5,1
en prinsesse,noun,medium,6.56,few,3,9,8,3
en professor,noun,medium,5.81,few,1,9,8,3
en propell,noun,medium,6.405751651,few,0,7,6,2
en prost,noun,medium,5.02,some,4,5,5,1
en protest,noun,medium,5.070113128,few,1,7,7,2
en pupp,noun,high,6.8,many,20,4,3,1
en pus,noun,medium,6.383900135,many,21,3,3,1
en pysjamas,noun,medium,6.593148671,no info,,8,7,3
en racket,noun,medium,6.086815227,few,2,6,5,2
en rad,noun,medium,5.506548165,many,25,3,3,1
en radio,noun,high,6.705204916,few,0,5,5,3
en ransel,noun,high,6.79290929,few,1,6,6,2
en ravn,noun,medium,6.503121923,some,10,4,4,1
en realitet,noun,low,2.778984574,few,0,8,8,4
en regel,noun,low,3.344816589,few,1,5,5,2
en regjering,noun,medium,5.43,few,1,9,7,3
en regnbue,noun,high,6.625054754,some,4,7,6,3
en rekke,noun,medium,5.61,many,28,5,4,2
en rekkert,noun,medium,5.996872138,no info,,7,5,2
en reklame,noun,medium,6.38048029,few,2,7,7,3
en religion,noun,low,4.23,few,0,8,8,4
en retning,noun,medium,5.532340128,some,8,7,6,2
en rev,noun,high,6.75,many,29,3,3,1
en revisor,noun,medium,5.51,few,0,7,7,3
en ring,noun,high,6.67,many,24,4,3,1
en rolle,noun,low,3.928949675,many,26,5,4,2
en rosin,noun,medium,6.59765443,few,2,5,5,2
en rot,noun,medium,6.4,many,27,3,3,1
en rygg,noun,medium,6.39930729,some,15,4,3,1
en saga,noun,low,4.378461012,some,12,4,4,2
en sak,noun,low,3.423216085,many,28,3,3,1
en saksofon,noun,medium,6.58,few,0,8,8,3
en sal (rom),noun,medium,6.24,many,34,3,3,1
en sal (til hest),noun,high,6.69,many,34,3,3,1
en salami,noun,high,6.91,few,0,6,6,3
en sandal,noun,high,6.801653189,few,2,6,6,2
en sanger,noun,medium,5.98,some,17,6,5,2
en sau,noun,high,6.990973538,many,26,3,2,1
en sebra,noun,high,6.718258695,few,2,5,5,2
en sekk,noun,medium,6.256960783,many,30,4,3,1
en sekt,noun,medium,4.889164445,many,23,4,4,1
en sekvens,noun,low,3.692417201,few,0,7,7,2
en sel,noun,high,6.82,many,31,3,3,1
en serie,noun,medium,4.694460278,some,4,5,5,3
en serviett,noun,medium,6.51038142,few,0,8,7,3
en shorts,noun,high,6.8,few,0,6,4,1
en sigarett,noun,high,6.96,few,0,8,7,3
en sikkerhet,noun,low,2.767751954,few,1,9,8,3
en sirkelbevegelse,noun,medium,5.576778652,no info,,15,15,6
en sitron,noun,high,6.790967183,few,0,6,6,2
en situasjon,noun,low,3.213668063,few,0,9,8,4
en sjanse,noun,low,2.955300775,some,4,6,5,2
en sjel,noun,low,3.711603413,many,23,4,3,1
en sjiraff,noun,high,6.836157228,few,0,7,5,2
en sjokolade,noun,high,6.890825307,few,2,9,8,4
en skade,noun,medium,6.0234641,some,12,5,5,2
en skiftenøkkel,noun,high,6.74,few,0,12,10,4
en skikk,noun,low,4.142166026,many,22,5,3,1
en sko,noun,high,6.898599028,some,16,3,3,1
en skog,noun,high,6.831590195,some,7,4,4,1
en skole,noun,medium,6.288678397,some,11,5,5,2
en skrøpelighet,noun,low,3.690910538,no info,,12,11,4
en skuff,noun,high,6.698343349,some,5,5,4,1
en skurk,noun,medium,5.42,some,4,5,5,1
en sky,noun,medium,6.480726718,many,26,3,2,1
en skyskraper,noun,high,6.73,few,1,10,9,3
en slange,noun,medium,6.568856475,some,15,6,5,2
en slikkepinne,noun,medium,5.823929029,no info,,11,8,4
en slutt,noun,low,3.995797146,some,12,5,4,1
en smokk,noun,high,6.640908851,some,5,5,4,1
en snegle,noun,high,6.961976983,no info,,6,5,2
en snømann,noun,high,6.828444092,few,2,7,6,2
en sofa,noun,high,6.709734162,some,4,4,4,2
en sokk,noun,high,6.878675148,many,24,4,3,1
en soldat,noun,medium,6.6,few,0,6,6,2
en sommer,noun,medium,6.063523697,some,13,6,5,2
en sommerfugl,noun,high,6.861832513,few,0,10,8,3
en sønn,noun,medium,5.913189927,many,19,4,3,1
en sopp,noun,high,6.777825255,many,19,4,3,1
en sorg,noun,low,3.8829287,some,9,4,4,1
en spade,noun,high,7.031494922,some,9,5,4,2
en spark,noun,medium,6.465521202,some,7,5,5,1
en spiker,noun,high,6.680551126,some,8,6,6,2
en squash,noun,high,6.716119143,few,0,6,5,1
en stabel,noun,medium,5.86,some,5,6,6,2
en stadion,noun,medium,6.581373988,few,2,7,7,3
en stær,noun,medium,5.689637282,some,11,4,4,1
en staur,noun,medium,5.72277243,some,10,5,4,1
en stav,noun,medium,6.338361373,many,19,4,4,1
en stein,noun,high,6.915559926,some,9,5,4,1
en steinhelle,noun,medium,6.167034425,no info,,10,8,3
en stigbøyle,noun,medium,6.26,few,2,9,8,3
en stige,noun,high,6.789505636,some,9,5,5,2
en stokk,noun,medium,6.29290929,some,15,5,4,1
en stol,noun,medium,6.524995982,some,14,4,4,1
en størrelse,noun,low,3.36386189,few,2,9,8,3
en støvel,noun,high,6.771873738,few,0,6,6,2
en støvsuger,noun,high,6.896489618,some,4,9,9,3
en straff,noun,low,4.217677383,some,5,6,5,1
en stråle,noun,medium,5.929215606,some,7,6,6,2
en strek,noun,high,6.7561082,some,13,5,5,1
en strikk,noun,high,6.788634108,some,9,6,5,1
en strofe,noun,low,3.989837716,few,3,6,6,2
en struktur,noun,low,3.56,few,0,8,8,2
en struts,noun,high,6.858361666,few,1,6,6,1
en student,noun,medium,5.746967441,few,0,7,7,2
en svømmehall,noun,high,6.8,few,0,10,8,3
en sykepleier,noun,medium,6.095043324,some,4,10,9,4
en sykkel,noun,high,6.671410457,some,5,6,5,2
en tabbe,noun,low,4.119810937,many,26,5,4,2
en tallerken,noun,high,6.971480719,few,0,9,8,3
en tang,noun,medium,6.54,many,30,4,3,1
en tanke,noun,low,3.855726718,some,18,5,5,2
en tanks,noun,medium,6.163738304,few,3,5,5,1
en tannbørste,noun,high,7.196720288,few,2,10,8,3
en teddybjørn,noun,high,6.96035212,few,0,10,8,3
en tegneserie,noun,medium,6.556440643,few,2,10,9,5
en tegneseriefigur,noun,medium,6.178993863,no info,,15,14,7
en tegning,noun,medium,6.114544604,some,9,7,5,2
en teip,noun,high,6.730045074,some,11,4,3,1
en teknikk,noun,low,3.300622252,few,0,7,6,2
en telefon,noun,high,6.691750853,few,0,7,7,3
en tennisball,noun,high,6.726086545,few,0,10,8,3
en teori,noun,low,4.277748548,few,0,5,5,3
en terrasse,noun,medium,6.421742287,few,3,8,6,3
en terrorhandling,noun,medium,5.03,no info,,14,no info,no info
en tiger,noun,high,6.644597458,some,8,5,5,2
en tilgang,noun,low,2.9,few,1,7,6,2
en tilpasning,noun,low,2.77,few,1,10,9,3
en ting,noun,low,3.883076195,many,22,4,3,1
en tiss,noun,medium,6.58,many,31,4,3,1
en toast,noun,medium,6.371473569,few,0,5,5,2
en tøffel,noun,medium,6.529889143,some,7,6,5,2
en tomat,noun,medium,6.572422949,few,1,5,5,2
en tone,noun,low,4.01,many,22,4,4,2
en topp,noun,medium,6.416214683,many,22,4,3,1
en tørketrommel,noun,high,6.822525554,few,0,12,11,4
en tråd,noun,medium,6.187332449,some,18,4,3,1
en traktor,noun,high,6.733148431,few,0,7,7,2
en trehjulssykkel,noun,high,6.756932562,few,0,14,11,4
en trussel,noun,low,4.164572511,few,0,7,6,2
en tur,noun,medium,5.02,many,26,3,3,1
en tusj,noun,high,6.72,some,13,4,3,1
en tut,noun,medium,5.681867217,many,27,3,3,1
en TV,noun,high,6.799406026,few,2,2,4,2
en tyggegummi,noun,medium,6.436010344,few,0,10,8,4
en type,noun,low,3.650489297,some,16,4,4,2
en ulv,noun,high,6.711976983,some,8,3,3,1
en unge,noun,medium,6.025225546,some,13,4,3,2
en utgave,noun,low,3.99491412,few,3,6,6,3
en utsikt,noun,medium,6.17,few,0,6,6,2
en utvei,noun,medium,4.555052278,few,2,5,4,2
en vaffel,noun,high,6.898361666,some,5,6,5,2
en valp,noun,high,6.732191885,some,11,4,4,1
en vannmelon,noun,high,6.800593206,few,1,9,8,3
en vannslange,noun,medium,6.568811008,few,3,10,8,3
en vannspreder,noun,medium,6.517494396,few,3,11,10,3
en vanskelighet,noun,low,3.161859829,few,1,12,11,4
en vante,noun,medium,5.963787593,many,19,5,5,2
en vår,noun,medium,5.283937459,many,28,3,3,1
en variant,noun,low,3.3,few,1,7,7,3
en vask,noun,high,6.69,some,17,4,4,1
en vaskemaskin,noun,high,6.971480719,few,0,11,10,4
en vegg,noun,medium,6.6,many,22,4,3,1
en vei,noun,medium,6.425582557,many,25,3,2,1
en veiledning,noun,low,4.011439542,few,0,10,8,3
en venn,noun,medium,5.625955912,many,32,4,3,1
en veps,noun,high,6.707014382,few,2,4,4,1
en veranda,noun,medium,6.510903136,few,0,7,7,3
en verden,noun,medium,5.613386954,few,2,6,5,2
en vest,noun,medium,6.318258695,many,22,4,4,1
en vibrasjon,noun,medium,4.621343915,few,1,9,8,3
en video,noun,medium,6.407943952,few,0,5,5,3
en vilje,noun,low,3.315747366,some,10,5,5,2
en vind,noun,medium,5.21033692,many,34,4,3,1
en vindmølle,noun,high,6.71,few,3,9,7,3
en virksomhet,noun,low,4.01,few,2,10,10,3
en visdom,noun,low,2.930982227,few,0,6,6,2
en vott,noun,high,6.772130446,many,27,4,3,1
en yoghurt,noun,high,6.680593206,few,0,7,5,2
engasjert,adjective,medium,4.634495567,few,2,9,7,3
enig,adjective,low,3.54,some,5,4,3,2
enkel,adjective,low,3.004483031,some,4,5,5,2
ergerlig,adjective,low,3.89343219,few,1,8,6,3
et akebrett,noun,high,6.698181635,few,3,8,7,3
et anbud,noun,low,2.896850028,few,3,5,5,2
et angrep,noun,medium,5.14,some,4,6,6,2
et angrepsvåpen,noun,medium,5.581466471,no info,,12,12,4
et ansikt,noun,medium,6.449177906,few,3,6,6,2
et år,noun,low,3.94,many,35,2,2,1
et arbeid,noun,low,4.305427155,few,2,6,4,2
et ark,noun,high,6.719173068,many,21,3,3,1
et badebasseng,noun,high,6.82,no info,,11,no info,no info
et badekar,noun,high,7.142066143,few,2,7,7,3
et bål,noun,high,6.91,many,23,3,3,1
et barn,noun,medium,6.563792451,some,12,4,3,1
et batteri,noun,high,6.973668063,few,3,7,6,3
et bed,noun,medium,6.484142522,many,21,3,3,1
et begrep,noun,low,3.164258616,few,3,6,6,2
et behov,noun,low,3.100488897,few,3,5,5,2
et bein (knokkel),noun,medium,6.26552385,some,18,4,3,1
et bein (kroppsdel),noun,high,6.744801165,some,18,4,3,1
et belte,noun,high,6.681307127,some,16,5,5,2
et bevis,noun,low,4.15416221,few,3,5,5,2
et bilde,noun,medium,6.038258695,some,10,5,5,2
et blad (plante),noun,medium,6.292294612,some,16,4,3,1
et bord,noun,high,6.792544203,many,33,4,3,1
et brett,noun,medium,6.134277037,many,20,5,4,1
et brev,noun,high,6.64323919,some,14,4,4,1
et brød,noun,high,6.960025991,many,21,4,3,1
et bryllup,noun,high,6.614337862,few,2,7,6,2
et bur,noun,high,6.66,many,32,3,3,1
et bygg,noun,medium,6.443189729,some,15,4,3,1
et dekk,noun,high,6.71,many,28,4,3,1
et dogme,noun,low,2.814879599,some,4,5,5,2
et dyr,noun,medium,5.780670311,many,23,3,3,1
et egg,noun,high,7.003504252,many,22,3,2,1
et ekorn,noun,high,6.851837611,few,3,5,4,2
et eksemplar,noun,low,3.936256297,few,2,9,9,3
et emne,noun,low,3.27126158,some,5,4,4,2
et eple,noun,high,6.783224137,some,7,4,4,2
et esel,noun,high,6.723073406,some,4,4,4,2
et eventyr,noun,medium,5.47,few,2,7,7,3
et faktum,noun,low,2.966071685,few,1,6,6,2
et fat,noun,high,6.75,many,23,3,3,1
et feiebrett,noun,medium,6.391873382,few,2,9,7,3
et fellesskap,noun,medium,4.58,few,2,10,8,3
et fengsel,noun,medium,6.32,some,4,7,6,2
et fjell,noun,high,6.674323043,some,8,5,4,1
et fjernsyn,noun,high,6.686256297,few,2,8,7,2
et fjøs,noun,high,6.73,some,10,4,4,1
et flagg,noun,medium,6.475225546,some,11,5,4,1
et fly,noun,high,6.716000754,some,17,3,3,1
et folk,noun,medium,4.6,some,8,4,4,1
et forbilde,noun,low,3.98158831,few,2,8,8,3
et forbund,noun,low,3.37,few,3,7,6,2
et foretak,noun,low,3.48,some,7,7,7,3
et forræderi,noun,low,3.170310316,few,2,9,8,4
et fortau,noun,medium,6.515959153,few,3,6,4,2
et foto,noun,high,6.751778697,some,5,4,4,2
et frieri,noun,medium,6.024625488,few,2,6,6,3
et frø,noun,medium,6.379433789,some,15,3,3,1
et fugleskremsel,noun,medium,6.470928067,few,1,13,12,4
et funn,noun,low,4.18158831,many,19,4,3,1
et garderobeskap,noun,medium,6.454395619,few,2,13,12,5
et gebyr,noun,medium,4.657566204,few,2,5,5,2
et giftermål,noun,medium,5.04576873,few,2,9,9,3
et gjerde,noun,high,6.717831928,many,23,6,4,2
et glass,noun,high,6.890651041,some,16,5,4,1
et gløtt,noun,low,4.08583779,some,12,5,4,1
et gresskar,noun,medium,6.559050095,few,3,8,7,2
et halskjede,noun,high,6.91,no info,,9,no info,no info
et håndkle,noun,high,6.616557471,few,2,7,6,2
et hår,noun,medium,6.42335686,many,30,3,3,1
et helikopter,noun,high,6.895519606,few,1,10,10,4
et hinder,noun,medium,5.95,some,8,6,6,2
et hint,noun,low,3.004793753,some,14,4,4,1
et hjem,noun,medium,5.715264649,many,23,4,3,1
et hjerte,noun,high,6.771787385,some,11,6,4,2
et hjørne,noun,medium,6.111908152,some,12,6,4,2
et hjul,noun,medium,6.480315572,many,26,4,3,1
et hode,noun,medium,6.440617147,some,14,4,4,2
et hopp,noun,medium,6.22,many,25,4,3,1
et horn (på dyr),noun,medium,6.38,some,11,4,3,1
et hotell,noun,medium,6.28044887,few,3,6,5,2
et hull,noun,medium,5.521349671,many,28,4,3,1
et hus,noun,medium,6.558741973,many,23,3,3,1
et initiativ,noun,low,3.32,few,2,9,10,5
et insekt,noun,high,6.629417695,some,4,6,6,2
et intervju,noun,medium,5.09,few,3,8,8,3
et jordbær,noun,high,6.899196554,few,3,7,6,2
et jorde,noun,medium,6.397858765,many,21,5,4,2
et juletre,noun,high,6.785282583,few,2,7,7,3
et jur,noun,high,6.75,many,28,3,3,1
et kamera,noun,high,6.994273583,few,1,6,6,3
et kaos,noun,low,4.318797793,few,2,4,4,2
et kår,noun,low,2.374693682,many,27,3,3,1
et kart,noun,high,6.62,many,21,4,3,1
et kinn,noun,high,6.858361666,many,22,4,3,1
et kjøkken,noun,medium,6.450161582,some,7,7,5,2
et kjøleskap,noun,high,6.769589631,few,2,9,8,3
et kjøttbein,noun,high,6.7,few,3,9,6,2
et klesskap,noun,high,6.668067495,few,2,8,8,2
et kne,noun,medium,6.516236721,some,13,3,3,1
et knekkebrød,noun,high,6.675225546,few,2,10,8,3
et knep,noun,low,3.552095974,some,12,4,4,1
et kompass,noun,high,6.76,few,2,7,6,2
et kors,noun,high,6.91499745,many,20,4,3,1
et kranium,noun,high,6.75,few,0,7,7,3
et krav,noun,low,3.708544414,many,19,4,4,1
et kritt,noun,medium,6.39368309,some,16,5,4,1
et krus,noun,high,6.77,some,14,4,4,1
et krusifiks,noun,medium,5.84,few,2,9,9,3
et kryss,noun,medium,6.38257638,some,9,5,4,1
et kyss,noun,high,6.629743511,some,15,4,3,1
et lam,noun,high,6.603906314,many,28,3,3,1
et land,noun,medium,5.351656468,many,33,4,3,1
et lass,noun,medium,5.64,many,37,4,3,1
et loft,noun,high,6.63,some,10,4,4,1
et løfte,noun,low,2.892383428,some,11,5,5,2
et lommetørkle,noun,medium,6.511862143,few,1,11,10,4
et løv,noun,medium,6.51,many,27,3,3,1
et lovbrudd,noun,low,4.199890804,few,2,8,7,2
et lys,noun,high,6.614929213,many,28,3,3,1
et mål (sport),noun,medium,6.37,many,19,3,3,1
et mangfold,noun,low,4.4,few,2,8,6,2
et materiale,noun,low,4.249509222,few,3,9,9,5
et medlem,noun,low,3.683189729,few,2,6,6,2
et menneske,noun,medium,6.404074716,few,2,8,7,3
et mirakel,noun,low,3.75074449,few,1,7,7,3
et museum,noun,medium,6.18,few,0,6,6,3
et nebb,noun,medium,6.494872147,some,9,4,3,1
et offer,noun,low,4.1,few,3,5,4,2
et område,noun,medium,4.71,few,3,6,6,3
et ønske,noun,low,3.674535503,some,7,5,5,2
et opplegg,noun,low,3.555116042,some,4,7,5,2
et ord,noun,low,4.364572511,many,31,3,2,1
et øre (kroppsdel),noun,high,6.650079918,many,29,3,3,2
et øre (mynt),noun,medium,6.157313779,many,29,3,3,2
et orgel,noun,high,6.628211528,few,1,5,5,2
et øye,noun,high,6.712041666,many,19,3,2,2
et øyeblikk,noun,low,3.402629466,few,2,8,6,3
et øyenbryn,noun,medium,6.523614753,few,3,8,7,3
et palass,noun,medium,6.419245083,some,4,6,5,2
et paradoks,noun,low,2.512327196,few,2,8,8,3
et piano,noun,high,6.889164445,few,2,5,5,3
et piggsvin,noun,high,6.63703441,few,3,8,7,2
et plagg,noun,medium,5.643397165,some,12,5,4,1
et plaster,noun,high,6.78,some,5,7,7,2
et pledd,noun,high,6.644589631,some,8,5,4,1
et pølsebrød,noun,high,6.845195344,no info,,9,8,3
et popkorn,noun,high,6.746763457,few,1,7,6,2
et postbud,noun,medium,6.4293253,few,2,7,7,2
et prinsipp,noun,low,2.897635851,few,2,8,7,2
et problem,noun,low,3.295211257,few,2,7,7,2
et produkt,noun,low,3.617601365,few,2,7,7,2
et publikum,noun,medium,6.26,few,1,8,8,3
et puslespill,noun,medium,6.46069845,few,2,10,9,3
et råd,noun,low,3.49,some,18,3,3,1
et ran,noun,medium,5.876959202,many,34,3,3,1
et ras,noun,medium,6.324229319,many,37,3,3,1
et ratt,noun,high,6.8,many,45,4,3,1
et rede,noun,high,6.76741773,many,23,4,4,2
et redskap,noun,medium,4.997253777,few,2,7,6,2
et redskapsskjul,noun,medium,6.548444092,no info,,13,11,3
et reinsdyr,noun,high,6.803104422,few,2,8,7,2
et reir,noun,high,6.610293136,many,27,4,3,1
et rep,noun,medium,6.35,many,20,3,3,1
et resultat,noun,low,3.851441293,few,2,8,8,3
et rom,noun,medium,6.222621177,many,20,3,3,1
et rør,noun,high,6.65,many,37,3,3,1
et rykk,noun,low,3.999573318,many,19,4,3,1
et sår,noun,medium,6.45,many,35,3,3,1
et sinne,noun,low,3.971111576,many,29,5,4,2
et sirkus,noun,medium,6.408450168,few,2,6,6,2
et sjal,noun,medium,6.477967824,many,19,4,3,1
et skadeomfang,noun,low,3.5,no info,,11,no info,no info
et skap,noun,high,6.873411633,some,15,4,4,1
et skaut,noun,medium,6.416255978,some,11,5,4,1
et skip,noun,high,6.679077249,some,15,4,3,1
et skjegg,noun,high,6.83,some,15,6,3,1
et skjelett,noun,high,6.65,few,2,8,5,2
et skjell,noun,high,6.785337932,many,29,6,3,1
et skjerf,noun,high,6.608385081,some,7,6,4,1
et skjønn,noun,low,2.334503081,some,15,6,3,1
et skjul,noun,medium,5.55480544,some,18,5,3,1
et skremsel,noun,low,4.128551882,few,1,8,8,2
et skrivebord,noun,high,6.625276766,few,3,10,9,3
et skur,noun,medium,6.459342786,some,17,4,4,1
et skyts,noun,low,3.04,few,3,5,4,1
et slips,noun,high,6.659355446,some,8,5,5,1
et slott,noun,medium,6.436749908,some,14,5,4,1
et smørbrød,noun,medium,6.591756323,few,2,8,7,2
et smykke,noun,medium,6.563787593,some,8,6,5,2
et sopelime,noun,medium,6.533224137,few,3,8,8,4
et soverom,noun,high,6.72,few,2,7,7,3
et spark,noun,medium,6.225282583,some,7,5,5,1
et speil,noun,high,6.651181897,some,12,5,4,1
et spekter,noun,low,3.906043623,few,2,7,7,2
et spill,noun,medium,5.728499674,some,14,5,4,1
et spøkelse,noun,medium,6.237739884,few,3,8,8,3
et spor,noun,medium,5.911707251,some,14,4,4,1
et spørsmål,noun,low,3.713985808,few,2,8,7,2
et stativ,noun,medium,6.062707817,few,2,6,6,2
et stearinlys,noun,high,6.642383428,few,2,10,10,4
et sted,noun,low,4.21791819,many,24,4,3,1
et stikk,noun,medium,5.945751585,many,20,5,4,1
et stopp,noun,medium,5.123317212,some,13,5,4,1
et strykejern,noun,medium,6.46158831,few,2,10,9,3
et stunt,noun,low,4.181469389,no info,,5,5,1
et styggvær,noun,medium,6.254378051,few,2,8,7,2
et sukkertøy,noun,medium,6.419878195,few,2,9,6,3
et svar,noun,low,4.422729395,many,19,4,4,1
et sverd,noun,high,6.74,some,6,5,5,1
et svin,noun,medium,6.283905177,some,16,4,4,1
et sykehus,noun,high,6.808417068,few,2,7,7,3
et syndrom,noun,low,3.760246218,few,2,7,7,2
et system,noun,low,4.162954109,few,2,6,6,2
et tak,noun,high,6.675476604,many,24,3,3,1
et tårn,noun,medium,6.55,some,14,4,3,1
et tegn,noun,medium,4.743523697,many,22,4,3,1
et telt,noun,high,6.608741973,many,23,4,4,1
et tema,noun,low,3.612082142,some,7,4,4,2
et tempo,noun,low,3.54,some,5,5,5,2
et teppe,noun,high,6.90716008,many,20,5,4,2
et termometer,noun,high,6.712041666,few,1,10,10,4
et tjern,noun,medium,6.46,some,8,5,3,1
et toalett,noun,high,6.83982075,few,2,7,6,3
et tog,noun,high,6.978400078,some,15,3,3,1
et tonn,noun,low,3.7,many,21,4,3,1
et tøystykke,noun,medium,5.921100456,no info,,9,7,3
et tre,noun,high,6.893630564,many,19,3,3,1
et trekkspill,noun,high,6.933765521,few,3,10,8,2
et triks,noun,low,4.293153202,some,12,5,5,1
et troll,noun,medium,6.58,some,15,5,4,1
et utkast,noun,low,4.377709178,some,4,6,6,2
et utropstegn,noun,high,6.754755671,few,2,10,9,3
et utsnitt,noun,low,3.79982075,few,2,7,6,2
et vær,noun,medium,4.836350083,many,24,3,3,1
et vann,noun,medium,6.307774094,many,35,4,3,1
et vedskjul,noun,medium,6.535999352,few,2,8,5,2
et vedtak,noun,low,4.24,few,2,6,5,2
et verk,noun,low,3.846803894,some,18,4,4,1
et verktøy,noun,medium,6.105807292,few,2,7,6,2
et vers,noun,medium,5.15,some,18,4,3,1
et vesen,noun,medium,4.656549364,some,8,5,5,2
et vindu,noun,medium,6.41033692,some,4,5,5,2
et virke,noun,low,3.612704443,some,14,5,5,2
et yrke,noun,medium,4.545386613,some,8,4,4,2
evidens,noun,low,2.68,few,1,7,7,3
fæl,adjective,low,3.987012142,many,27,3,3,1
falskhet,noun,low,3.717801304,few,1,8,8,2
fantastisk,adjective,low,3.629246293,few,1,10,10,3
farlig,adjective,low,3.706028291,few,3,6,4,2
fart,noun,medium,5.327308373,some,16,4,3,1
feber,noun,medium,5.66,few,2,5,5,2
ferdig,adjective,low,3.849645852,some,4,6,4,2
fin,adjective,medium,4.567596134,many,21,3,3,1
fjern,adjective,medium,4.58172524,some,4,5,4,1
flagrende,adjective,medium,5.211418644,few,3,9,8,3
flaks,noun,low,3.633467639,some,12,5,5,1
flau,adjective,medium,5.08,some,13,4,3,1
flink,adjective,medium,4.503178633,some,6,5,5,1
flott,adjective,low,4.062424695,some,18,5,4,1
folk,noun,medium,5.93,some,8,4,4,1
forarget,adjective,low,4.194261624,some,5,8,8,3
forbannet,adjective,medium,5.136862011,some,6,9,8,3
forferdelig,adjective,low,3.759960804,few,1,11,10,4
forferdet,adjective,medium,4.897852513,some,6,9,9,3
forgjeves,adjective,low,2.897708854,few,0,9,8,3
forgrunnen,noun,low,4.083056151,few,2,10,9,3
forlatelse,noun,low,2.843489589,few,1,10,9,4
fornøyd,adjective,medium,5.069810937,some,5,7,5,2
forræderi,noun,low,3.315134901,few,2,9,8,4
forsiktig,adjective,low,4.213559217,few,1,9,7,3
forskjellig,adjective,low,3.948550603,few,3,11,6,3
forskrekkelse,noun,medium,5.003593617,few,3,13,11,4
forskrekket,adjective,medium,5.269810937,some,4,11,9,3
forskremt,adjective,low,3.9293253,few,1,9,8,2
forståelig,adjective,low,3.027421232,few,2,10,8,4
fort,adjective,medium,5.106874702,some,12,4,3,1
fortvilelse,noun,medium,4.57033692,few,1,11,10,4
forventning,noun,low,3.235585976,few,0,11,10,3
foto,noun,medium,6.042297245,some,5,4,4,2
fraværende,adjective,low,4.154065225,few,1,10,9,4
fred,noun,low,4.034751927,some,7,4,4,1
frekk,adjective,low,4.3,some,9,5,4,1
fremtidig,adjective,low,2.38,few,2,9,8,3
frisk,adjective,low,4.04,some,10,5,5,1
frokostblanding,noun,medium,6.414768448,few,1,15,13,4
frukt,noun,medium,6.561846573,some,7,5,5,1
frustrert,adjective,low,4.498662742,few,2,9,8,2
frykt,noun,low,3.91982075,some,6,5,5,1
full,adjective,medium,5.969588514,many,22,4,3,1
fullstendig,adjective,low,3.48780493,few,1,11,9,3
fusk,noun,low,4.374235383,some,13,4,4,1
gående,adjective,medium,5.632159753,many,19,6,5,3
gammel,adjective,medium,5.711539491,some,5,6,5,2
gammeldags,adjective,low,4.136862011,few,2,10,9,3
garn,noun,high,6.64,some,12,4,3,1
gele,noun,medium,6.439314393,no info,,4,4,2
gin,noun,medium,5.651280763,some,12,3,3,1
gips,noun,medium,6.12,some,8,4,4,1
gjær,noun,medium,6.47,many,24,4,3,1
gjeld,noun,low,4.12513842,many,29,5,3,1
glad,adjective,medium,5.947308827,some,14,4,3,1
god,adjective,low,3.680992189,many,20,3,2,1
godteri,noun,medium,6.438286861,few,3,7,6,3
godvenner,noun,low,4.472775491,few,1,9,7,3
gøy,adjective,medium,4.53,some,17,3,2,1
gras,noun,medium,6.578399675,many,19,4,4,1
grei,adjective,low,3.312047568,some,17,4,3,1
gress,noun,medium,6.405751651,some,16,5,4,1
grisk,adjective,low,4.115100158,some,9,5,5,1
grønn,adjective,medium,6.481880882,some,12,5,4,1
grøt,noun,high,6.817601365,some,12,4,4,1
gul,adjective,high,6.755985882,many,21,3,3,1
gunst,noun,low,2.54,few,3,5,5,1
hår,noun,high,6.674755671,many,30,3,3,1
hard,adjective,medium,4.694696282,many,27,4,3,1
hel,adjective,low,3.791651105,many,25,3,3,1
hell,noun,low,3.155968779,many,33,4,3,1
herlig,adjective,low,3.538123071,some,5,6,4,2
hjelp,noun,low,3.697419664,some,10,5,4,1
hjemlig,adjective,low,3.831113963,some,4,7,5,2
hjemmekoselig,adjective,medium,5.438252045,few,1,13,10,5
hjemmeværende,adjective,medium,4.781832513,few,0,13,10,5
honning,noun,high,6.96387737,few,2,7,5,2
høns,noun,medium,6.288678397,some,7,4,4,1
horisontal,adjective,medium,5.654755278,few,2,10,10,4
høy,adjective,medium,5.93,many,29,3,2,1
høyre,adjective,medium,5.69692392,few,3,5,4,2
humor,noun,low,3.937603655,few,0,5,5,2
humør,noun,low,4.023523697,few,1,5,5,2
humoristisk,adjective,low,3.966071685,few,1,11,11,4
hverdag,noun,low,4.18,few,1,7,5,2
hvete,noun,medium,6.158675148,many,23,5,4,2
hvit,adjective,medium,6.485733801,many,30,4,3,1
hyggelig,adjective,medium,4.893828506,few,1,8,6,3
idyllisk,adjective,medium,5.124626071,few,1,8,7,3
interessert,adjective,low,3.903523697,few,2,11,9,4
irritert,adjective,medium,4.857427924,some,5,8,6,3
jævlig,adjective,low,3.72066053,few,3,6,5,2
jakt,noun,medium,5.452852808,some,16,4,4,1
jevnaldrende,adjective,medium,4.977261988,few,0,12,11,4
jordbruk,noun,medium,5.615844573,few,2,8,7,2
juice,noun,high,6.67673409,many,21,5,3,1
juling,noun,medium,5.635364597,few,3,6,5,2
kaffe,noun,high,6.83540347,some,7,5,4,2
kakao,noun,high,6.736005814,few,0,5,5,3
kald,adjective,medium,4.984809034,many,33,4,3,1
karse,noun,medium,5.576643372,some,18,5,4,2
kjærlighet,noun,low,4.38,few,3,10,7,3
kjedelig,adjective,low,4.134495567,some,4,8,6,3
kjemi,noun,medium,4.512651378,few,1,5,4,2
kjempeirritert,adjective,medium,5.294082907,no info,,14,12,5
kjent,adjective,low,2.944342754,some,15,5,4,1
kjøtt,noun,medium,6.211478016,some,14,5,3,1
klær,noun,medium,6.052241451,some,10,4,4,1
klar,adjective,low,4.137031559,many,19,4,4,1
klissete,adjective,medium,5.97867087,some,13,8,7,3
kontanter,noun,medium,6.475225546,some,4,9,9,3
kontroll,noun,low,4.200884405,few,0,8,7,2
korn,noun,medium,6.223623964,some,12,4,3,1
kortermet,adjective,medium,6.353228639,few,1,9,8,3
kortklipt,adjective,medium,6.199177906,no info,,9,8,2
koselig,adjective,medium,4.876467331,few,1,7,5,2
krøllete,adjective,medium,6.00364365,some,8,8,7,3
kulturell,adjective,low,3.88,few,2,9,8,3
kvalitet,noun,low,3.838762302,few,0,8,8,3
kveldsmat,noun,medium,6.21,few,0,9,8,2
landbruk,noun,medium,5.74,few,2,8,7,2
lang,adjective,medium,5.505388178,many,26,4,3,1
langsom,adjective,medium,4.723623964,few,2,7,6,2
lego,noun,high,6.765963707,no info,,4,4,2
lei seg,adjective,medium,5.54,no info,,7,no info,no info
lenge,adjective,low,3.450004525,many,26,5,4,2
leverpostei,noun,high,6.86,few,0,11,10,4
lilla,adjective,medium,6.438675148,some,4,5,4,2
lim,noun,medium,5.810895991,many,21,3,3,1
liten,adjective,low,4.185210774,some,16,5,5,2
litteratur,noun,medium,5.66,few,0,10,9,4
livlig,adjective,medium,4.883763777,few,2,6,5,2
luft,noun,medium,5.197250814,some,10,4,4,1
lunger,noun,medium,6.23,some,16,6,5,2
lunsj,noun,medium,6.18,some,4,5,4,1
lur (snedig),adjective,low,3.77,many,29,3,3,1
lykke,noun,low,4.243671265,some,17,5,4,2
lykkelig,adjective,medium,5.043051579,few,1,8,6,3
lyng,noun,medium,6.41,some,12,4,3,1
mais,noun,high,6.882166444,some,9,4,3,1
makt,noun,low,4.43583924,some,17,4,4,1
manuell,adjective,low,3.988706901,few,3,7,6,3
margarin,noun,medium,6.53242242,few,0,8,8,3
marmor,noun,medium,6.217831928,few,1,6,6,2
mat,noun,medium,6.027421232,many,25,3,3,1
medfølelse,noun,medium,4.723461006,few,2,10,9,4
medlidenhet,noun,low,3.91013962,few,1,11,11,4
mel,noun,high,6.63,many,27,3,3,1
melk,noun,medium,6.443425567,some,6,4,4,1
merkelig,adjective,low,3.443545799,few,1,8,7,3
misunnelse,noun,low,3.671590195,few,2,10,9,4
møblert,adjective,medium,5.465704902,few,2,7,6,2
moderne,adjective,low,3.917037804,few,0,7,6,3
modig,adjective,low,4.12,few,3,5,4,2
mørk,adjective,medium,5.690067388,some,8,4,4,1
morsk,adjective,medium,5.467096199,some,4,5,4,1
morsom,adjective,medium,4.651686242,few,3,6,5,2
myk,adjective,medium,5.257057958,some,11,3,3,1
nåde,noun,low,3.763311659,some,14,4,4,2
natur,noun,medium,6.22760256,few,1,5,5,2
naturlig,adjective,low,3.833674109,few,1,8,6,3
nervøs,adjective,medium,4.86,few,2,6,6,2
normal,adjective,low,3.422025442,few,2,6,6,2
nøtter,noun,high,6.69,some,10,6,5,2
nøyaktig,adjective,low,3.893630564,few,1,8,6,3
nudler,noun,high,6.651796864,few,0,6,6,2
nugatti,noun,high,6.83,no info,,7,no info,no info
nuppete,adjective,medium,6.009753805,some,15,7,6,3
ny,adjective,low,4.094643446,many,28,2,2,1
nydelig,adjective,medium,4.534758558,few,3,7,6,3
nysådd,adjective,medium,6.084572511,few,1,6,5,2
nysgjerrig,adjective,low,4.26,few,1,10,6,3
nytte,noun,low,2.422245387,many,29,5,4,2
observant,adjective,low,4.116828249,few,3,9,9,3
ødelagt,adjective,medium,4.958900482,few,2,7,7,3
øl,noun,high,6.812622669,some,12,2,2,1
ondskap,noun,low,3.890971792,few,1,7,6,2
opium,noun,medium,4.50275648,few,0,5,5,3
oppmerksom,adjective,low,4.144478818,few,2,10,9,3
opptatt,adjective,low,4.103523697,some,5,7,5,2
oransje,adjective,high,6.624851689,few,2,7,6,3
ordentlig,adjective,low,3.76038142,few,1,9,5,2
overrasket,adjective,medium,5.01,no info,,10,no info,no info
overtro,noun,low,3.654601321,few,3,7,6,3
papir,noun,high,6.71,few,3,5,5,2
papp,noun,medium,6.135794769,many,21,4,3,1
pasta,noun,high,6.67,some,10,5,5,2
pen,adjective,medium,5.560006205,many,21,3,3,1
penger,noun,medium,6.452258031,some,14,6,5,2
plagsom,adjective,low,4.136918313,few,2,7,7,2
plastilina,noun,medium,6.034441917,no info,,10,10,4
plutselig,adjective,low,3.192246678,few,1,9,8,3
poesi,noun,medium,4.695415476,few,0,5,5,3
politi,noun,high,6.65,few,2,6,6,3
pommes frites,noun,high,6.704856594,few,0,13,7,2
popkorn,noun,high,6.72698359,few,1,7,6,2
potetgull,noun,medium,6.38693424,few,1,9,8,3
praktisk,adjective,low,3.573579911,few,1,8,8,2
primitiv,adjective,low,4.0234641,few,1,8,8,3
psykisk,adjective,low,3.43,few,3,7,6,2
rampete,adjective,medium,4.772702783,some,13,7,7,3
rar,adjective,low,3.627619259,many,33,3,3,1
rasende,adjective,medium,5.462591441,many,31,7,6,3
realistisk,adjective,low,3.394848709,few,1,10,10,4
redd,adjective,medium,5.113331463,many,24,4,3,1
regn,noun,high,6.730045074,many,30,4,3,1
regntøy,noun,medium,6.245021693,few,2,7,5,2
reklame,noun,medium,5.39671174,few,2,7,7,3
ren,adjective,medium,5.132949937,many,29,3,3,1
resolutt,adjective,low,3.591079077,few,1,8,7,3
rett,adjective,medium,5.338886049,many,33,4,3,1
riktig,adjective,low,3.763787288,some,4,6,5,2
ris,noun,medium,6.180965652,many,38,3,3,1
rød,adjective,medium,6.540319122,many,34,3,2,1
rødvin,noun,medium,6.465917771,few,1,6,5,2
rolig,adjective,low,4.380898342,few,3,5,4,2
rosa,adjective,medium,6.241585301,some,17,4,4,2
rotete,adjective,medium,6.149163468,some,14,6,6,3
rund,adjective,medium,6.043792451,many,23,4,3,1
rutete,adjective,medium,6.363189729,some,18,6,6,3
ryddig,adjective,medium,4.824229319,some,4,6,4,2
saft,noun,high,6.699245791,some,14,4,4,1
salt,noun,medium,6.176367977,many,29,4,4,1
sand,noun,medium,6.437783613,many,31,4,3,1
sann,adjective,low,2.146123501,many,31,4,3,1
såpe,noun,high,6.85,many,21,4,4,2
satire,noun,low,3.509377516,few,2,6,6,3
saus,noun,medium,6.140319122,some,16,4,3,1
sein,adjective,low,3.618852848,many,26,4,3,1
sensur,noun,low,4.209607494,few,1,6,6,2
sentrum,noun,medium,5.460564854,few,1,7,7,2
servering,noun,medium,5.3,few,1,9,8,3
sikker,adjective,low,3.04662461,some,9,6,5,2
sikkerhet,noun,low,3.963910102,few,1,9,8,3
sint,adjective,medium,5.167399505,many,23,4,4,1
sirup,noun,medium,6.354755671,few,0,5,5,2
sist,adjective,medium,4.633688079,some,16,4,4,1
sjalusi,noun,low,4.032206549,few,0,7,6,3
sjampo,noun,medium,6.307774094,few,0,6,5,2
sjarm,noun,low,4.212850552,some,12,5,4,1
sjokolade,noun,medium,6.509685916,few,2,9,8,4
skadefro,adjective,low,3.700825672,few,1,8,8,3
skadefryd,noun,low,3.87984564,few,0,9,9,3
skeiv,adjective,medium,5.198374542,many,19,5,3,1
skeptisk,adjective,low,3.443189729,few,2,8,8,2
skikkelig,adjective,low,2.14226388,few,1,9,6,3
skitten,adjective,medium,5.758224376,some,8,7,5,2
skjønn,adjective,low,3.66,some,15,6,3,1
skodde,noun,medium,5.62745366,some,13,6,5,2
skog,noun,high,6.666023471,some,7,4,4,1
skrekk,noun,medium,5.135430517,some,8,6,5,1
skremmende,adjective,low,4.048971626,few,3,10,8,3
skremt,adjective,medium,5.264373818,some,6,6,6,1
skrøpelighet,noun,medium,5.131686242,no info,,12,12,4
skummel,adjective,medium,4.780670311,few,2,7,6,2
skyld,noun,low,2.75982075,many,19,5,3,1
slem,adjective,low,3.972561966,some,13,4,4,1
sliten,adjective,medium,4.597323898,some,7,6,6,2
smør,noun,medium,6.485987696,some,5,4,4,1
snakk,noun,low,4.221221685,some,11,5,4,1
snill,adjective,low,4.309740117,some,9,5,4,1
snø,noun,high,6.825449942,some,12,3,3,1
snop,noun,medium,6.264699946,some,12,4,4,1
snørr,noun,medium,6.49,some,9,5,4,1
solbriller,noun,high,7.039346761,few,2,10,9,3
søppel,noun,medium,6.013009147,few,2,6,5,2
sorg,noun,medium,5.16793104,some,9,4,4,1
sort,adjective,medium,6.325595948,some,8,4,3,1
søt,adjective,medium,5.3977456,many,26,3,3,1
søvnig,adjective,medium,5.580501366,few,1,6,5,2
spagetti,noun,high,6.852561966,few,0,8,7,3
spennende,adjective,low,4.184159639,some,10,9,7,3
stakkars,adjective,low,3.567596134,few,2,8,6,2
sterkt,adjective,medium,4.52,few,3,6,6,1
stilisert,adjective,low,3.507371002,few,2,9,8,3
stille,adjective,low,4.146381439,many,22,6,5,2
stødig,adjective,medium,4.541206075,few,3,6,5,2
stolt,adjective,low,4.365372765,some,8,5,5,1
stor,adjective,medium,4.822932793,many,19,4,4,1
straff,noun,low,4.430333167,some,5,6,5,1
stygg,adjective,low,4.400779244,some,5,5,4,1
sukker,noun,high,6.816905429,some,4,6,5,2
sukkertøy,noun,medium,6.337767123,few,2,9,6,3
sulten,adjective,low,4.390210479,some,11,6,6,2
suppe,noun,high,6.679982745,many,23,5,4,2
sur,adjective,medium,5.428082013,many,35,3,3,1
svær,adjective,medium,5.342099421,some,9,4,4,1
svart,adjective,medium,6.499159988,some,7,5,4,1
svett,adjective,medium,6.14,some,12,5,4,1
sydlandsk,adjective,low,4.370440381,few,1,9,8,2
syk,adjective,medium,5.964570781,many,20,3,3,1
syltetøy,noun,high,6.653503463,few,3,8,7,3
sympati,noun,low,3.753606401,few,0,7,7,3
tabu,noun,low,3.269086344,few,2,4,4,2
tåke,noun,medium,6.518083024,many,20,4,4,2
tall,noun,medium,6.21,many,39,4,3,1
tang (alge),noun,medium,6.37,many,30,4,3,1
tarmer,noun,medium,6.38,some,10,6,6,2
te,noun,medium,6.350828308,many,33,2,2,1
tekkelig,adjective,low,3.707216492,some,4,8,6,3
tekstil,noun,medium,5.533224137,few,2,7,7,2
tenkende,adjective,medium,4.984330685,some,12,8,7,3
tid,noun,low,3.871027316,many,30,3,2,1
tidlig,adjective,low,4.437708698,some,6,6,4,2
tilgivelse,noun,low,3.649164445,few,3,10,10,4
tilstøtende,adjective,low,2.565624535,few,1,11,10,4
tiss,noun,medium,6.6,many,31,4,3,1
tissetrengt,adjective,medium,5.65,few,1,11,9,3
tom,adjective,medium,5.487933615,some,15,3,3,1
tørr,adjective,medium,4.737521065,some,10,4,3,1
tørst,adjective,medium,5.045132515,some,6,5,4,1
tøy,noun,medium,5.786439077,many,28,3,2,1
tradisjonell,adjective,low,3.4,few,2,12,10,4
tran,noun,high,6.666080797,some,12,4,4,1
transport,noun,medium,5.46,few,0,9,8,2
trasig,adjective,low,3.884572511,some,4,6,5,2
treg,adjective,low,4.256932562,some,11,4,4,1
trist,adjective,medium,5.450701875,some,11,5,5,1
trolig,adjective,low,2.22,few,3,6,5,2
trøtt,adjective,medium,5.45,some,11,5,4,1
trygg,adjective,low,4.16,some,9,5,4,1
trygghet,noun,low,3.662937752,few,1,8,7,2
tull,noun,low,3.59555747,many,29,4,3,1
tung,adjective,medium,4.967087717,some,9,4,3,1
tydelig,adjective,low,3.13610864,few,3,7,6,3
typisk,adjective,low,2.684741193,few,1,6,6,2
uaffisert,adjective,low,3.822231182,no info,,9,8,4
uheldig,adjective,low,3.45,few,1,7,6,3
ukonsentrert,adjective,low,4.22158831,no info,,12,11,4
ulik,adjective,low,4.008514249,few,2,4,4,2
ung,adjective,medium,4.854426581,some,11,3,2,1
uoppmerksom,adjective,low,3.918394237,few,2,11,10,4
urealistisk,adjective,low,2.173668063,few,1,11,11,5
urolig,adjective,medium,5.021832513,few,2,6,5,3
usikker,adjective,low,3.597214414,few,2,7,6,3
ustødig,adjective,medium,5.386786942,no info,,7,6,3
utdypende,adjective,low,2.61226744,few,2,9,8,4
utkikk,noun,low,3.99491412,few,3,6,5,2
utstyr,noun,medium,5.062128755,few,2,6,6,2
utydelig,adjective,medium,4.945535222,few,1,8,7,4
uviss,adjective,low,2.339659072,some,4,5,4,2
våken,adjective,medium,5.574890804,some,16,5,5,2
vakker,adjective,medium,5.883189729,few,2,6,5,2
vanlig,adjective,low,3.110669966,few,2,6,5,2
vann,noun,medium,6.561256297,many,35,4,3,1
vanskelig,adjective,low,2.927048086,few,1,9,8,3
varm,adjective,medium,5.20667181,some,14,4,4,1
våt,adjective,medium,5.844755934,many,24,3,3,1
veldig,adjective,low,3.083860616,few,3,6,5,2
velfrisert,adjective,medium,5.235349015,few,1,10,9,3
velkledd,adjective,medium,5.530053621,no info,,8,7,2
vellykket,adjective,low,4.088362619,few,2,9,7,3
venstre,adjective,medium,4.964009296,few,0,7,7,2
verktøy,noun,medium,6.137420547,few,2,7,6,2
vesentlig,adjective,low,2.204542335,few,2,9,8,3
vett,noun,low,3.637668766,many,35,4,3,1
vid,adjective,low,4.372789997,many,33,3,2,1
vidunderlig,adjective,low,3.938750744,few,1,11,9,4
viktig,adjective,low,3.58382022,some,7,6,5,2
vilje,noun,low,3.533969655,some,10,5,5,2
vill,adjective,low,4.411192466,many,30,4,3,1
vin,noun,high,6.67937039,many,30,3,3,1
vind,noun,medium,5.688378407,many,34,4,3,1
visdom,noun,low,3.864581773,few,0,6,6,2
vitenskapelig,adjective,low,2.98,few,1,13,12,5
voksen,adjective,medium,5.016813284,some,8,6,6,2
voldelig,adjective,medium,5.272702783,few,1,8,7,3
voldsom,adjective,low,4.337079005,few,2,7,6,2
vond,adjective,low,4.196405613,some,10,4,3,1
vondt,adjective,medium,4.97,some,8,5,4,1
whisky,noun,medium,6.355726718,few,3,6,5,2
yoghurt,noun,high,6.760745908,few,0,7,5,2